-- phpMyAdmin SQL Dump
-- version 5.2.1
-- https://www.phpmyadmin.net/
--
-- Gép: 127.0.0.1
-- Létrehozás ideje: 2026. Már 16. 12:53
-- Kiszolgáló verziója: 10.4.32-MariaDB
-- PHP verzió: 8.2.12

SET SQL_MODE = "NO_AUTO_VALUE_ON_ZERO";
START TRANSACTION;
SET time_zone = "+00:00";


/*!40101 SET @OLD_CHARACTER_SET_CLIENT=@@CHARACTER_SET_CLIENT */;
/*!40101 SET @OLD_CHARACTER_SET_RESULTS=@@CHARACTER_SET_RESULTS */;
/*!40101 SET @OLD_COLLATION_CONNECTION=@@COLLATION_CONNECTION */;
/*!40101 SET NAMES utf8mb4 */;

--
-- Adatbázis: `mozizz`
--
CREATE DATABASE IF NOT EXISTS `mozizz` DEFAULT CHARACTER SET utf8mb4 COLLATE utf8mb4_general_ci;
USE `mozizz`;

-- --------------------------------------------------------

--
-- Tábla szerkezet ehhez a táblához `buffet_items`
--

DROP TABLE IF EXISTS `buffet_items`;
CREATE TABLE `buffet_items` (
  `item_id` int(11) NOT NULL,
  `name` varchar(100) NOT NULL,
  `description` varchar(255) DEFAULT NULL,
  `price` int(11) NOT NULL,
  `category` varchar(50) NOT NULL DEFAULT 'snack',
  `img` varchar(255) DEFAULT NULL,
  `is_available` tinyint(1) NOT NULL DEFAULT 1
) ENGINE=InnoDB DEFAULT CHARSET=utf8mb4 COLLATE=utf8mb4_general_ci;

--
-- A tábla adatainak kiíratása `buffet_items`
--

INSERT INTO `buffet_items` (`item_id`, `name`, `description`, `price`, `category`, `img`, `is_available`) VALUES
(166, 'Vajas Popcorn S', 'Kis adagos vajas ízesítés', 850, 'popcorn', NULL, 1),
(167, 'Vajas Popcorn M', 'Közepes vajas ízesítés', 1200, 'popcorn', NULL, 1),
(168, 'Vajas Popcorn L', 'Nagy adagos vajas ízesítés', 1550, 'popcorn', NULL, 1),
(169, 'Sajtos Popcorn S', 'Kis adagos sajtos ízesítés', 950, 'popcorn', NULL, 1),
(170, 'Sajtos Popcorn M', 'Közepes sajtos ízesítés', 1350, 'popcorn', NULL, 1),
(171, 'Sajtos Popcorn L', 'Nagy adagos sajtos ízesítés', 1700, 'popcorn', NULL, 1),
(172, 'Karamellás Popcorn M', 'Édes karamellás popcorn', 1400, 'popcorn', NULL, 1),
(173, 'Csilis Popcorn M', 'Pikáns csilis ízesítés', 1300, 'popcorn', NULL, 1),
(174, 'Tejkaramellás Popcorn L', 'Édes vajas tejkaramella ízesítés', 1800, 'popcorn', NULL, 1),
(175, 'Nachos + Sajtos szósz', 'Ropogós nachos sajtos mártással', 1400, 'snack', NULL, 1),
(176, 'Nachos + Guacamole', 'Ropogós nachos avokádókrémmel', 1600, 'snack', NULL, 1),
(177, 'Hot Dog', 'Klasszikus hot dog mustárral és ketchuppal', 1200, 'snack', NULL, 1),
(178, 'Sajtos Hot Dog', 'Hot dog extra sajt öntettel', 1450, 'snack', NULL, 1),
(179, 'Mozzarella rudak (6db)', 'Panírozott mozzarella rúd marinára szósszal', 1600, 'snack', NULL, 1),
(180, 'Csirke nuggets (6db)', 'Ropogós csirke nuggets', 1500, 'snack', NULL, 1),
(181, 'Csirke nuggets (10db)', 'Nagy adag ropogós nuggets', 2200, 'snack', NULL, 1),
(182, 'Sós perec', 'Frissen sült sós perec', 750, 'snack', NULL, 1),
(183, 'Pirított mogyoró 50g', 'Sózott pirított mogyoró', 550, 'snack', NULL, 1),
(184, 'Pirított kesudió 50g', 'Enyhén sózott kesudió', 850, 'snack', NULL, 1),
(185, 'Chips Naturál 50g', 'Klasszikus sós burgonyachips', 490, 'snack', NULL, 1),
(186, 'Chips Paprikás 50g', 'Paprikás ízesítésű chips', 490, 'snack', NULL, 1),
(187, 'Chips BBQ 50g', 'BBQ ízesítésű chips', 490, 'snack', NULL, 1),
(188, 'Pringles Original', 'Eredeti Pringles chips', 650, 'snack', NULL, 1),
(189, 'Pringles Sour Cream', 'Tejfölös-hagymás Pringles', 650, 'snack', NULL, 1),
(190, 'KitKat 4 fingers', 'Eredeti KitKat csokoládé', 450, 'édesség', NULL, 1),
(191, 'KitKat Chunky', 'Vastag KitKat tábla', 550, 'édesség', NULL, 1),
(192, 'Snickers', 'Mogyoró-karamell-csoki szelet', 450, 'édesség', NULL, 1),
(193, 'Twix', 'Keksz-karamell-csoki szelet', 450, 'édesség', NULL, 1),
(194, 'M&M\'s csokis 45g', 'Csokis cukorka', 450, 'édesség', NULL, 1),
(195, 'M&M\'s mogyorós 45g', 'Mogyorós cukorka', 490, 'édesség', NULL, 1),
(196, 'Haribo gumicukor 80g', 'Vegyes gumicukor', 890, 'édesség', NULL, 1),
(197, 'Haribo Goldbären 80g', 'Arany gumimaci', 890, 'édesség', NULL, 1),
(198, 'Mentos Fruit', 'Gyümölcsös Mentos', 350, 'édesség', NULL, 1),
(199, 'Tic Tac Narancs', 'Narancsos Tic Tac', 350, 'édesség', NULL, 1),
(200, 'Raffaello 3db', 'Kókuszos fehércsoki golyók', 490, 'édesség', NULL, 1),
(201, 'Ferrero Rocher 3db', 'Mogyorós prémium csokoládé', 690, 'édesség', NULL, 1),
(202, 'Coca Cola 0.33L', 'Jéghideg Coca Cola', 490, 'ital', NULL, 1),
(203, 'Coca Cola 0.5L', 'Jéghideg Coca Cola', 650, 'ital', NULL, 1),
(204, 'Coca Cola Zero 0.5L', 'Cukormentes Coca Cola', 650, 'ital', NULL, 1),
(205, 'Sprite 0.5L', 'Frissítő citromos üdítő', 650, 'ital', NULL, 1),
(206, 'Fanta Narancs 0.5L', 'Narancsízű üdítő', 650, 'ital', NULL, 1),
(207, 'Pepsi 0.5L', 'Jéghideg Pepsi', 620, 'ital', NULL, 1),
(208, 'Ásványvíz 0.5L', 'Csendes ásványvíz', 450, 'ital', NULL, 1),
(209, 'Ásványvíz 1L', 'Csendes ásványvíz nagy kiszerelés', 700, 'ital', NULL, 1),
(210, 'Red Bull 0.25L', 'Energiaital', 950, 'ital', NULL, 1),
(211, 'Nestea Citrom 0.5L', 'Citromos jeges tea', 600, 'ital', NULL, 1),
(212, 'Szóló Csomag', '1 közepes popcorn + 1 üdítő', 1990, 'menü', NULL, 1),
(213, 'Páros Ajánlat', '2 közepes popcorn + 2 üdítő', 3490, 'menü', NULL, 1),
(214, 'Família Csomag', '2 nagy popcorn + 4 üdítő + Nachos', 5990, 'menü', NULL, 1),
(215, 'Gyerek Menü', 'Kis popcorn + Üdítő + Gumicukor', 1990, 'menü', NULL, 1),
(216, 'Prémium Menü', '1 nagy popcorn + 2 üdítő + Nachos + Snickers', 3990, 'menü', NULL, 1);

-- --------------------------------------------------------

--
-- Tábla szerkezet ehhez a táblához `emaillogs`
--

DROP TABLE IF EXISTS `emaillogs`;
CREATE TABLE `emaillogs` (
  `email_log_id` int(11) NOT NULL,
  `user_id` int(11) NOT NULL,
  `email_type` varchar(50) DEFAULT NULL,
  `subject` varchar(255) DEFAULT NULL,
  `body` text DEFAULT NULL,
  `sent_at` timestamp NOT NULL DEFAULT current_timestamp(),
  `status` varchar(50) DEFAULT NULL
) ENGINE=InnoDB DEFAULT CHARSET=utf8mb4 COLLATE=utf8mb4_general_ci;

-- --------------------------------------------------------

--
-- Tábla szerkezet ehhez a táblához `halls`
--

DROP TABLE IF EXISTS `halls`;
CREATE TABLE `halls` (
  `hall_id` int(11) NOT NULL,
  `name` varchar(255) NOT NULL,
  `location` varchar(255) DEFAULT NULL,
  `seating_capacity` int(11) NOT NULL
) ENGINE=InnoDB DEFAULT CHARSET=utf8mb4 COLLATE=utf8mb4_general_ci;

--
-- A tábla adatainak kiíratása `halls`
--

INSERT INTO `halls` (`hall_id`, `name`, `location`, `seating_capacity`) VALUES
(1, 'Főterem', '1. emelet', 100),
(2, 'Kisterem', '2. emelet', 50);

-- --------------------------------------------------------

--
-- Tábla szerkezet ehhez a táblához `movies`
--

DROP TABLE IF EXISTS `movies`;
CREATE TABLE `movies` (
  `movie_id` int(11) NOT NULL,
  `title` varchar(255) NOT NULL,
  `genre` varchar(100) DEFAULT NULL,
  `duration` int(11) NOT NULL,
  `rating` varchar(10) DEFAULT NULL,
  `description` text DEFAULT NULL,
  `img` varchar(255) DEFAULT NULL,
  `release_date` date DEFAULT NULL,
  `created_at` timestamp NOT NULL DEFAULT current_timestamp()
) ENGINE=InnoDB DEFAULT CHARSET=utf8mb4 COLLATE=utf8mb4_general_ci;

--
-- A tábla adatainak kiíratása `movies`
--

INSERT INTO `movies` (`movie_id`, `title`, `genre`, `duration`, `rating`, `description`, `img`, `release_date`, `created_at`) VALUES
(1, 'Dűne', 'Sci-Fi', 155, 'PG-13', 'Egy fiatal nemes vezeti bolygója nomád népét a galaxis leghatalmasabb erői ellen.', NULL, '2021-10-22', '2026-03-16 10:04:41'),
(2, 'Dűne: Második rész', 'Sci-Fi', 166, 'PG-13', 'Paul Atreides egyesül Chani-val és a fremenekkel, miközben bosszút esküszik atyja gyilkosain.', NULL, '2024-03-01', '2026-03-16 10:04:41'),
(3, 'Oppenheimer', 'Dráma', 180, 'R', 'Az atombomba atyjának életútja és a Manhattan-projekt drámája.', NULL, '2023-07-21', '2026-03-16 10:04:41'),
(4, 'Barbie', 'Vígjáték', 114, 'PG-13', 'Barbie és Ken útra kel Barbieföldről az igazi világba.', NULL, '2023-07-21', '2026-03-16 10:04:41'),
(5, 'Interstellar', 'Sci-Fi', 169, 'PG-13', 'Egy csapat felfedező átutazik egy féregjáraton, hogy új otthont találjon az emberiségnek.', NULL, '2014-11-07', '2026-03-16 10:04:41'),
(6, 'Inception', 'Akció', 148, 'PG-13', 'Egy tolvaj behatol álmokba, hogy vállalati titkokat lopjon el.', NULL, '2010-07-16', '2026-03-16 10:04:41'),
(7, 'A sötét lovag', 'Akció', 152, 'PG-13', 'Batman szembeszáll Jokerrel, aki káoszt terjeszt Gotham városában.', NULL, '2008-07-18', '2026-03-16 10:04:41'),
(8, 'Parasite', 'Thriller', 132, 'R', 'Két család életei váratlanul összefonódnak.', NULL, '2019-05-30', '2026-03-16 10:04:41'),
(9, 'Everything Everywhere All at Once', 'Sci-Fi', 139, 'R', 'Egy középkorú nő felfedezi, hogy össze kell kötnie a párhuzamos univerzumokat.', NULL, '2022-03-25', '2026-03-16 10:04:41'),
(10, 'Top Gun: Maverick', 'Akció', 130, 'PG-13', 'Maverick visszatér, hogy egy speciális misszióra kiképezzen fiatal pilótákat.', NULL, '2022-05-27', '2026-03-16 10:04:41'),
(11, 'Avatar: A víz útja', 'Sci-Fi', 192, 'PG-13', 'Jake Sully és családja felfedezik Pandora óceánjait.', NULL, '2022-12-16', '2026-03-16 10:04:41'),
(12, 'Avatar', 'Sci-Fi', 162, 'PG-13', 'Egy hadnagy egy idegen bolygón új életet talál és szembeszáll az emberekkel.', NULL, '2009-12-18', '2026-03-16 10:04:41'),
(13, 'Spider-Man: Nincs hazaút', 'Akció', 148, 'PG-13', 'Peter Parker kéri Doctor Strange segítségét, ami kinyitja a multiverzumot.', NULL, '2021-12-17', '2026-03-16 10:04:41'),
(14, 'Pókember: Az animált pókverse', 'Animáció', 117, 'PG', 'Miles Morales találkozik párhuzamos Pókemberekkel a multiverzumban.', NULL, '2018-12-14', '2026-03-16 10:04:41'),
(15, 'Indiana Jones és a sors tárcsája', 'Kaland', 154, 'PG-13', 'Indiana Jones az 1960-as évek végén egy rejtélyes tárgy után kutat.', NULL, '2023-06-30', '2026-03-16 10:04:41'),
(16, 'Mission: Impossible – Leszámolás', 'Akció', 163, 'PG-13', 'Ethan Hunt egy ellenőrizhetetlen AI-entitás ellen harcol.', NULL, '2023-07-12', '2026-03-16 10:04:41'),
(17, 'Guardians of the Galaxy Vol. 3', 'Akció', 150, 'PG-13', 'A Galaxis Őrzők Rocket múltját nyomozzák.', NULL, '2023-05-05', '2026-03-16 10:04:41'),
(18, 'Ant-Man és a Darázs: Kvantumánia', 'Akció', 124, 'PG-13', 'Scott Lang bekerül a Kvantumbirodalom rejtélyes világába.', NULL, '2023-02-17', '2026-03-16 10:04:41'),
(19, 'Black Panther: Wakanda örökre', 'Akció', 161, 'PG-13', 'Wakanda küzd az új fenyegetésekkel T\'Challa halála után.', NULL, '2022-11-11', '2026-03-16 10:04:41'),
(20, 'Doctor Strange a multiverzum őrületében', 'Akció', 126, 'PG-13', 'Doctor Strange utazik a multiverzumban egy fiatal szuperképességű lánnyal.', NULL, '2022-05-06', '2026-03-16 10:04:41'),
(21, 'The Menu', 'Thriller', 107, 'R', 'Egy pár ellátogat egy exkluzív étteremre, ahol veszélyes meglepetés vár rájuk.', NULL, '2022-11-18', '2026-03-16 10:04:41'),
(22, 'Knives Out: Üvegspirál', 'Krimi', 139, 'PG-13', 'Benoit Blanc nyomozó egy tech-milliárdos halálát vizsgálja görög szigeten.', NULL, '2022-12-23', '2026-03-16 10:04:41'),
(23, 'Tár', 'Dráma', 158, 'R', 'Egy világhírű karmester karrierje és magánélete omlik össze.', NULL, '2022-10-07', '2026-03-16 10:04:41'),
(24, 'Nope', 'Horror', 130, 'R', 'Testvérpár furcsa eseményeket tapasztal egy kaliforniai farmban.', NULL, '2022-07-22', '2026-03-16 10:04:41'),
(25, 'Smile', 'Horror', 115, 'R', 'Egy pszichiáter elkezd furcsán viselkedő embereket látni egy trauma átélése után.', NULL, '2022-09-30', '2026-03-16 10:04:41'),
(26, 'M3GAN', 'Horror', 102, 'PG-13', 'Egy AI játékbaba túlságosan védelmező lesz az általa gondozott gyerek iránt.', NULL, '2023-01-06', '2026-03-16 10:04:41'),
(27, 'Scream VI', 'Horror', 123, 'R', 'A Ghostface maszk New Yorkban tér vissza.', NULL, '2023-03-10', '2026-03-16 10:04:41'),
(28, 'Renfield', 'Horror', 93, 'R', 'Dracula segédje, Renfield, megpróbál megszabadulni toxikus főnökétől.', NULL, '2023-04-14', '2026-03-16 10:04:41'),
(29, 'Dungeons & Dragons: Becsület között tolvajok', 'Fantasy', 134, 'PG-13', 'Egy tolvaj és kalandorok csapata igazságot keres egy elveszett ereklye segítségével.', NULL, '2023-03-31', '2026-03-16 10:04:41'),
(30, 'Fast X', 'Akció', 141, 'PG-13', 'Dom Toretto és csapata szembeszáll egy bosszúszomjas ellenséggel.', NULL, '2023-05-19', '2026-03-16 10:04:41'),
(31, 'Transformers: Fenevadak felemelkedése', 'Akció', 127, 'PG-13', 'A Maximals és Predacons csatlakoznak az Autobots harchoz.', NULL, '2023-06-09', '2026-03-16 10:04:41'),
(32, 'Aquaman és az elveszett királyság', 'Akció', 124, 'PG-13', 'Aquaman segítséget kér régi ellenségétől egy titkos hatalom megállításához.', NULL, '2023-12-22', '2026-03-16 10:04:41'),
(33, 'The Marvels', 'Akció', 105, 'PG-13', 'Carol Danvers, Monica Rambeau és Kamala Khan erői összefonódnak.', NULL, '2023-11-10', '2026-03-16 10:04:41'),
(34, 'Godzilla x Kong: Az új birodalom', 'Akció', 115, 'PG-13', 'Godzilla és Kong szövetkeznek egy ismeretlen fenyegetés ellen.', NULL, '2024-03-29', '2026-03-16 10:04:41'),
(35, 'Kingdom of the Planet of the Apes', 'Sci-Fi', 145, 'PG-13', 'Egy fiatal majom igazságot keres egy zsarnoki király ellen.', NULL, '2024-05-10', '2026-03-16 10:04:41'),
(36, 'Tenet', 'Akció', 150, 'PG-13', 'Egy CIA ügynök az idő manipulációjával próbálja megakadályozni a 3. világháborút.', NULL, '2020-09-03', '2026-03-16 10:04:41'),
(37, 'Soul', 'Animáció', 100, 'PG', 'Egy tanár az utolsó pillanatban megkapja élete lehetőségét — de elveszíti lelkét.', NULL, '2020-12-25', '2026-03-16 10:04:41'),
(38, 'Raya és az utolsó sárkány', 'Animáció', 107, 'PG', 'Egy harcosnak sárkány szövetségesre van szüksége, hogy megmentse a világát.', NULL, '2021-03-05', '2026-03-16 10:04:41'),
(39, 'Luca', 'Animáció', 95, 'PG', 'Két tengeri szörny fiatal barátokként kalandoznak egy olasz parti városban.', NULL, '2021-06-18', '2026-03-16 10:04:41'),
(40, 'Encanto', 'Animáció', 99, 'PG', 'Egy csodálatos kolumbiai családban minden gyereknek különleges ereje van — kivéve Mirabelt.', NULL, '2021-11-24', '2026-03-16 10:04:41'),
(41, 'Turning Red', 'Animáció', 100, 'PG', 'Egy 13 éves lány vörös pandává változik, ha izgatott lesz.', NULL, '2022-03-11', '2026-03-16 10:04:41'),
(42, 'Wish', 'Animáció', 95, 'PG', 'Asha egy csillagtól kér segítséget, hogy megvédje királyságát.', NULL, '2023-11-22', '2026-03-16 10:04:41'),
(43, 'Migration', 'Animáció', 83, 'PG', 'Egy kacsa família kiszáll a komfortzónájából és Jamaicáig repül.', NULL, '2023-12-22', '2026-03-16 10:04:41'),
(44, 'The Wild Robot', 'Animáció', 102, 'PG', 'Egy robot egy vad szigeten túlél és gondoskodik egy árva libáról.', NULL, '2024-09-27', '2026-03-16 10:04:41'),
(45, 'Inside Out 2', 'Animáció', 100, 'PG', 'Riley serdülőkorba lép, és az érzelmei kaotikusan megváltoznak.', NULL, '2024-06-14', '2026-03-16 10:04:41'),
(46, 'Wicked', 'Musical', 160, 'PG', 'A Gonosz boszorkány eredettörténete Oz világában.', NULL, '2024-11-22', '2026-03-16 10:04:41'),
(47, 'Moana 2', 'Animáció', 100, 'PG', 'Moana visszatér egy új tengeri kalandra.', NULL, '2024-11-27', '2026-03-16 10:04:41'),
(48, 'Mufasa: Az oroszlánkirály', 'Animáció', 118, 'PG', 'Simba fia megismeri Mufasa múltját.', NULL, '2024-12-20', '2026-03-16 10:04:41'),
(49, 'Sonic 3. – A film', 'Kaland', 110, 'PG', 'Sonic és barátai szembeszállnak Shadow the Hedgehog-gal.', NULL, '2024-12-20', '2026-03-16 10:04:41'),
(50, 'Paddington Peru-ban', 'Vígjáték', 106, 'PG', 'Paddington medve visszatér Peruba, hogy megkeresse elveszett nagynénjét.', NULL, '2024-11-08', '2026-03-16 10:04:41'),
(51, 'Alien: Romulus', 'Horror', 119, 'R', 'Fiatal telepesek egy elhagyatott űrállomáson borzalmas idegenekkel találkoznak.', NULL, '2024-08-16', '2026-03-16 10:04:41'),
(52, 'Deadpool és Wolverine', 'Akció', 128, 'R', 'Deadpool és Wolverine együtt küzdenek a multiverzum megmentéséért.', NULL, '2024-07-26', '2026-03-16 10:04:41'),
(53, 'Twisters', 'Katasztrófa', 122, 'PG-13', 'Tornádóvadászok élet-halál küzdelme az oklahomani prérin.', NULL, '2024-07-19', '2026-03-16 10:04:41'),
(54, 'Longlegs', 'Thriller', 101, 'R', 'Egy FBI ügynök sorozatgyilkost kerget, akinek rejtélyes kapcsolata van az ügynök múltjával.', NULL, '2024-07-12', '2026-03-16 10:04:41'),
(55, 'Speak No Evil', 'Thriller', 110, 'R', 'Egy família kényelmetlenül udvariatlan vendégszeretet csapdájába esik.', NULL, '2024-09-13', '2026-03-16 10:04:41'),
(56, 'Trap', 'Thriller', 105, 'PG-13', 'Egy apa és lánya rájönnek, hogy ők a csapda célpontjai.', NULL, '2024-08-09', '2026-03-16 10:04:41'),
(57, 'Beetlejuice Beetlejuice', 'Vígjáték', 104, 'PG-13', 'Lydia visszatér a szellemvilágba egy váratlan látogatáskor.', NULL, '2024-09-06', '2026-03-16 10:04:41'),
(58, 'Bob Marley: Egy szeretet', 'Életrajz', 107, 'PG-13', 'Bob Marley reggae zenész életútjának filmes bemutatása.', NULL, '2024-02-14', '2026-03-16 10:04:41'),
(59, 'Argylle', 'Akció', 139, 'PG-13', 'Egy kémregény-írónő ráébred, hogy könyveinek cselekménye megelevenedik.', NULL, '2024-02-02', '2026-03-16 10:04:41'),
(60, 'Civil War', 'Akció', 109, 'R', 'Újságírók küzdenek a túlélésért egy szétszakadt Amerikában.', NULL, '2024-04-12', '2026-03-16 10:04:41'),
(61, 'Furiosa: A Mad Max-saga', 'Akció', 148, 'R', 'Furiosa eredettörténete a posztapokaliptikus sivatagban.', NULL, '2024-05-24', '2026-03-16 10:04:41'),
(62, 'Hit Man', 'Vígjáték', 115, 'R', 'Egy tanár bérgyilkosnak adja ki magát FBI operatív munkában.', NULL, '2024-06-07', '2026-03-16 10:04:41'),
(63, 'Bad Boys: Mindhalálig', 'Akció', 115, 'R', 'Mike és Marcus egy régi dossziéhoz kapcsolódó bűnözőt üldöznek.', NULL, '2024-06-07', '2026-03-16 10:04:41'),
(64, 'Despicable Me 4', 'Animáció', 94, 'PG', 'Gru és Minyonjai egy új ellenséggel találkoznak.', NULL, '2024-07-03', '2026-03-16 10:04:41'),
(65, 'Megalopolis', 'Dráma', 138, 'R', 'Egy futurisztikus városban küzdelem folyik az utópia és a hatalom között.', NULL, '2024-09-27', '2026-03-16 10:04:41'),
(66, 'The Substance', 'Horror', 140, 'R', 'Egy szer, amely fiatalabb verziót hoz létre — de mindennek ára van.', NULL, '2024-09-20', '2026-03-16 10:04:41'),
(67, 'Joker: Folie à Deux', 'Dráma', 138, 'R', 'Arthur Fleck börtönben találkozik egy nővel, aki inspirálja a Jokert.', NULL, '2024-10-04', '2026-03-16 10:04:41'),
(68, 'Venom: Az utolsó tánc', 'Akció', 109, 'PG-13', 'Eddie Brock és Venom utolsó kalandjukon vannak.', NULL, '2024-10-25', '2026-03-16 10:04:41'),
(69, 'Red One', 'Akció', 123, 'PG-13', 'Mikulást elrabolják és a karácsonyt meg kell menteni.', NULL, '2024-11-15', '2026-03-16 10:04:41'),
(70, 'Gladiátor II', 'Akció', 148, 'R', 'Egy új harcos belép a Colosseum porondján, hogy bosszút álljon.', NULL, '2024-11-22', '2026-03-16 10:04:41'),
(71, 'Nosferatu', 'Horror', 132, 'R', 'Az 1922-es klasszikus vampírfilm modern újraértelmezése.', NULL, '2024-12-25', '2026-03-16 10:04:41'),
(72, 'Joker', 'Dráma', 122, 'R', 'Arthur Fleck útja egy mentálisan beteg komédiástól a város félelmetes gonoszáig.', NULL, '2019-10-04', '2026-03-16 10:04:41'),
(73, 'Bohém rapszódia', 'Életrajz', 134, 'PG-13', 'A Queen zenekar és Freddie Mercury életének filmes feldolgozása.', NULL, '2018-11-02', '2026-03-16 10:04:41'),
(74, '1917', 'Háborús', 119, 'R', 'Két brit katona halálos küldetésen indul az 1. világháborúban.', NULL, '2019-12-25', '2026-03-16 10:04:41'),
(75, 'Ford vs Ferrari', 'Dráma', 152, 'PG-13', 'Egy autóversenyző és mérnöke épít egy legendás versenyautót.', NULL, '2019-11-15', '2026-03-16 10:04:41'),
(76, 'Knives Out', 'Krimi', 130, 'PG-13', 'Egy krimi nyomozó egy gazdag öregúr halálát vizsgálja.', NULL, '2019-11-27', '2026-03-16 10:04:41'),
(77, 'Once Upon a Time in Hollywood', 'Dráma', 161, 'R', 'Két barát karrierjük végén harcol a relevanciáért 1969-es Hollywoodban.', NULL, '2019-07-26', '2026-03-16 10:04:41'),
(78, 'Csillag született', 'Musical', 136, 'R', 'Egy elveszett zenész felkarol egy fiatal énekesnőt.', NULL, '2018-10-05', '2026-03-16 10:04:41'),
(79, 'A Grand Budapest Hotel', 'Vígjáték', 100, 'R', 'Egy legendás concierge és tanonca kalandjai Európában.', NULL, '2014-03-28', '2026-03-16 10:04:41'),
(80, 'A néma hang', 'Dráma', 129, 'PG-13', 'Egy süket lány próbál megbocsátani az egykori bántóinak.', NULL, '2016-09-17', '2026-03-16 10:04:41'),
(81, 'Mester és tanítvány', 'Dráma', 118, 'PG-13', 'Egy zeneakadémián két ember egymást formálja és tönkreteszi.', NULL, '2014-10-10', '2026-03-16 10:04:41'),
(82, 'Fehér zaj', 'Dráma', 136, 'R', 'Egy főiskolai professzor és felesége halálfélelmük ellen küzd.', NULL, '2022-11-25', '2026-03-16 10:04:41'),
(83, 'Elemental', 'Animáció', 101, 'PG', 'Egy tűz és víz elemű karakter barátságát meséli el egy elemek lakta városban.', NULL, '2023-06-16', '2026-03-16 10:04:41'),
(84, 'Puss in Boots: Az utolsó kívánság', 'Animáció', 100, 'PG', 'Csizmás kandúr igyekszik visszaszerezni elveszett kilenc életét.', NULL, '2022-12-21', '2026-03-16 10:04:41'),
(85, 'Strange World', 'Animáció', 102, 'PG', 'A Clade felfedező família a világ legcsodálatosabb helyére utazik.', NULL, '2022-11-23', '2026-03-16 10:04:41'),
(86, 'Lightyear', 'Animáció', 100, 'PG', 'Buzz Lightyear eredettörténete a sci-fi film formájában.', NULL, '2022-06-17', '2026-03-16 10:04:41'),
(87, 'Transformers One', 'Animáció', 104, 'PG', 'Optimus Prime és Megatron eredettörténete Cybertronon.', NULL, '2024-09-20', '2026-03-16 10:04:41'),
(88, 'Sonic 2. – A film', 'Kaland', 122, 'PG', 'Sonic szembeszáll a visszatérő Dr. Robotnikkal.', NULL, '2022-04-08', '2026-03-16 10:04:41'),
(89, 'Minions: Gru születése', 'Animáció', 87, 'PG', 'A fiatal Gru próbál a világ leghírhedtebb szupergonoszaival dolgozni.', NULL, '2022-07-01', '2026-03-16 10:04:41'),
(90, 'Thor: Szerelem és mennydörgés', 'Akció', 119, 'PG-13', 'Thor nyugalomra vágyó útját megszakítja egy galaktikus gyilkos küldetése.', NULL, '2022-07-08', '2026-03-16 10:04:41'),
(91, 'Jurassic World: Uralom', 'Kaland', 147, 'PG-13', 'Az emberek és a dinoszauruszok együtt élnek — de ez az egyensúly törékeny.', NULL, '2022-06-10', '2026-03-16 10:04:41'),
(92, 'Sonic 1. – A film', 'Kaland', 99, 'PG', 'Sonic és Tom rendőr barátja megpróbálják megállítani Dr. Robotnikot.', NULL, '2020-02-14', '2026-03-16 10:04:41'),
(93, 'A csend hangjai 2', 'Horror', 97, 'PG-13', 'Az Abbott család tovább küzd a hangra vadászó lényekkel.', NULL, '2021-05-28', '2026-03-16 10:04:41'),
(94, 'Vészhelyzet a tengeren', 'Thriller', 118, 'PG-13', 'Egy hajó legénysége harcol a természet erői ellen.', NULL, '2024-03-15', '2026-03-16 10:04:41'),
(95, 'Pearl', 'Horror', 102, 'R', 'Egy farmon élő fiatal lány csillaggá akar válni.', NULL, '2022-09-16', '2026-03-16 10:04:41'),
(96, 'X', 'Horror', 106, 'R', 'Egy filmes stáb egy texasi tanyán forgatja első felnőttfilmjét.', NULL, '2022-03-18', '2026-03-16 10:04:41'),
(97, 'Insidious: A vörös ajtó', 'Horror', 107, 'PG-13', 'A Lambert család újból szembekerül a szellemekkel.', NULL, '2023-07-07', '2026-03-16 10:04:41'),
(98, 'The Popes Exorcist', 'Horror', 103, 'R', 'I. János Pál pápa exorcistájának igaz kalandjain alapuló film.', NULL, '2023-04-14', '2026-03-16 10:04:41'),
(99, 'Babylon', 'Dráma', 189, 'R', 'Hollywood aranykorában játszódó mámoros és kaotikus történet.', NULL, '2022-12-23', '2026-03-16 10:04:41'),
(101, 'A folyosó', 'Horror', 95, 'R', 'Egy nő rémálmai valósággá válnak egy elhagyatott kórházban.', NULL, '2026-04-20', '2026-03-16 10:04:41'),
(102, 'Neon Gods', 'Sci-Fi', 127, 'PG-13', 'Egy hackercsoport megpróbálja leállítani egy AI uralmát.', NULL, '2026-04-24', '2026-03-16 10:04:41'),
(103, 'Echoes of War', 'Dráma', 143, 'R', 'Egy veterán visszatér otthonába és szembenéz múltjával.', NULL, '2026-05-01', '2026-03-16 10:04:41'),
(104, 'The Last Kingdom', 'Kaland', 138, 'PG-13', 'Egy királyság utolsó harcosa szembeszáll a hódítókkal.', NULL, '2026-05-08', '2026-03-16 10:04:41'),
(105, 'Quantum Fall', 'Sci-Fi', 122, 'PG-13', 'Egy fizikus véletlenül megzavarja az idő folyását.', NULL, '2026-05-15', '2026-03-16 10:04:41'),
(106, 'Shadows of Olympus', 'Fantasy', 149, 'PG-13', 'Görög istenek és halandók csatájának modern értelmezése.', NULL, '2026-05-22', '2026-03-16 10:04:41'),
(107, 'The Deep', 'Thriller', 108, 'R', 'Egy tengeralattjáró legénysége valami ismeretlennel találkozik a mélységben.', NULL, '2026-06-05', '2026-03-16 10:04:41'),
(108, 'Rekonstrukció', 'Krimi', 119, 'R', 'Egy nyomozó 20 évvel ezelőtti ügye újra megnyílik.', NULL, '2026-06-12', '2026-03-16 10:04:41'),
(109, 'A tenger királya', 'Kaland', 131, 'PG', 'Egy fiú felfedezi, hogy tengeri lények leszármazottja.', NULL, '2026-06-26', '2026-03-16 10:04:41'),
(110, 'Vörös ég', 'Katasztrófa', 116, 'PG-13', 'Egy meteorológus próbálja megakadályozni egy globális katasztrófát.', NULL, '2026-07-03', '2026-03-16 10:04:41');

-- --------------------------------------------------------

--
-- Tábla szerkezet ehhez a táblához `payments`
--

DROP TABLE IF EXISTS `payments`;
CREATE TABLE `payments` (
  `payment_id` int(11) NOT NULL,
  `reservation_id` int(11) NOT NULL,
  `payment_method` varchar(50) NOT NULL,
  `amount` decimal(10,2) NOT NULL,
  `payment_status` varchar(50) NOT NULL,
  `payment_date` timestamp NOT NULL DEFAULT current_timestamp(),
  `transaction_reference` varchar(255) DEFAULT NULL
) ENGINE=InnoDB DEFAULT CHARSET=utf8mb4 COLLATE=utf8mb4_general_ci;

-- --------------------------------------------------------

--
-- Tábla szerkezet ehhez a táblához `reservations`
--

DROP TABLE IF EXISTS `reservations`;
CREATE TABLE `reservations` (
  `reservation_id` int(11) NOT NULL,
  `user_id` int(11) NOT NULL,
  `showtime_id` int(11) NOT NULL,
  `reservation_date` timestamp NOT NULL DEFAULT current_timestamp(),
  `status` varchar(50) DEFAULT 'pending',
  `is_reminder_sent` tinyint(1) NOT NULL DEFAULT 0
) ENGINE=InnoDB DEFAULT CHARSET=utf8mb4 COLLATE=utf8mb4_general_ci;

--
-- A tábla adatainak kiíratása `reservations`
--

INSERT INTO `reservations` (`reservation_id`, `user_id`, `showtime_id`, `reservation_date`, `status`, `is_reminder_sent`) VALUES
(1, 170, 8638, '2026-03-15 23:00:00', 'confirmed', 0),
(2, 166, 8638, '2026-03-15 23:00:00', 'confirmed', 0),
(3, 196, 8638, '2026-03-15 23:00:00', 'confirmed', 0),
(4, 187, 8638, '2026-03-15 23:00:00', 'confirmed', 0),
(5, 191, 8638, '2026-03-15 23:00:00', 'confirmed', 0),
(6, 201, 8638, '2026-03-15 23:00:00', 'confirmed', 0),
(7, 165, 8638, '2026-03-15 23:00:00', 'confirmed', 0),
(8, 178, 8639, '2026-03-15 23:00:00', 'confirmed', 0),
(9, 208, 8639, '2026-03-15 23:00:00', 'confirmed', 0),
(10, 170, 8639, '2026-03-15 23:00:00', 'confirmed', 0),
(11, 192, 8639, '2026-03-15 23:00:00', 'confirmed', 0),
(12, 175, 8639, '2026-03-15 23:00:00', 'confirmed', 0),
(13, 171, 8639, '2026-03-15 23:00:00', 'confirmed', 0),
(14, 207, 8639, '2026-03-15 23:00:00', 'confirmed', 0),
(15, 207, 8640, '2026-03-15 23:00:00', 'confirmed', 0),
(16, 200, 8640, '2026-03-15 23:00:00', 'confirmed', 0),
(17, 177, 8640, '2026-03-15 23:00:00', 'confirmed', 0),
(18, 190, 8640, '2026-03-15 23:00:00', 'confirmed', 0),
(19, 209, 8640, '2026-03-15 23:00:00', 'confirmed', 0),
(20, 171, 8640, '2026-03-15 23:00:00', 'confirmed', 0),
(21, 178, 8640, '2026-03-15 23:00:00', 'confirmed', 0),
(22, 204, 8640, '2026-03-15 23:00:00', 'confirmed', 0),
(23, 201, 8641, '2026-03-15 23:00:00', 'confirmed', 0),
(24, 166, 8641, '2026-03-15 23:00:00', 'confirmed', 0),
(25, 215, 8641, '2026-03-15 23:00:00', 'confirmed', 0),
(26, 169, 8641, '2026-03-15 23:00:00', 'confirmed', 0),
(27, 189, 8641, '2026-03-15 23:00:00', 'confirmed', 0),
(28, 186, 8641, '2026-03-15 23:00:00', 'confirmed', 0),
(29, 188, 8641, '2026-03-15 23:00:00', 'confirmed', 0),
(30, 207, 8641, '2026-03-15 23:00:00', 'confirmed', 0),
(31, 200, 8642, '2026-03-15 23:00:00', 'confirmed', 0),
(32, 180, 8642, '2026-03-15 23:00:00', 'confirmed', 0),
(33, 214, 8642, '2026-03-15 23:00:00', 'confirmed', 0),
(34, 182, 8643, '2026-03-15 23:00:00', 'confirmed', 0),
(35, 213, 8643, '2026-03-15 23:00:00', 'confirmed', 0),
(36, 183, 8643, '2026-03-15 23:00:00', 'confirmed', 0),
(37, 172, 8643, '2026-03-15 23:00:00', 'confirmed', 0),
(38, 209, 8643, '2026-03-15 23:00:00', 'confirmed', 0),
(39, 188, 8643, '2026-03-15 23:00:00', 'confirmed', 0),
(40, 198, 8643, '2026-03-15 23:00:00', 'confirmed', 0),
(41, 191, 8644, '2026-03-15 23:00:00', 'confirmed', 0),
(42, 194, 8644, '2026-03-15 23:00:00', 'confirmed', 0),
(43, 190, 8644, '2026-03-15 23:00:00', 'confirmed', 0),
(44, 190, 8645, '2026-03-15 23:00:00', 'confirmed', 0),
(45, 196, 8645, '2026-03-15 23:00:00', 'confirmed', 0),
(46, 167, 8645, '2026-03-15 23:00:00', 'confirmed', 0),
(47, 184, 8646, '2026-03-15 23:00:00', 'confirmed', 0),
(48, 170, 8646, '2026-03-15 23:00:00', 'confirmed', 0),
(49, 210, 8646, '2026-03-15 23:00:00', 'confirmed', 0),
(50, 189, 8646, '2026-03-15 23:00:00', 'confirmed', 0),
(51, 165, 8646, '2026-03-15 23:00:00', 'confirmed', 0),
(52, 176, 8647, '2026-03-15 23:00:00', 'confirmed', 0),
(53, 185, 8647, '2026-03-15 23:00:00', 'confirmed', 0),
(54, 203, 8647, '2026-03-15 23:00:00', 'confirmed', 0),
(55, 184, 8647, '2026-03-15 23:00:00', 'confirmed', 0),
(56, 175, 8648, '2026-03-15 23:00:00', 'confirmed', 0),
(57, 165, 8648, '2026-03-15 23:00:00', 'confirmed', 0),
(58, 176, 8648, '2026-03-15 23:00:00', 'confirmed', 0),
(59, 210, 8648, '2026-03-15 23:00:00', 'confirmed', 0),
(60, 173, 8648, '2026-03-15 23:00:00', 'confirmed', 0),
(61, 166, 8648, '2026-03-15 23:00:00', 'confirmed', 0),
(62, 185, 8649, '2026-03-15 23:00:00', 'confirmed', 0),
(63, 187, 8649, '2026-03-15 23:00:00', 'confirmed', 0),
(64, 189, 8649, '2026-03-15 23:00:00', 'confirmed', 0),
(65, 203, 8650, '2026-03-15 23:00:00', 'confirmed', 0),
(66, 176, 8650, '2026-03-15 23:00:00', 'confirmed', 0),
(67, 180, 8650, '2026-03-15 23:00:00', 'confirmed', 0),
(68, 175, 8651, '2026-03-15 23:00:00', 'confirmed', 0),
(69, 168, 8651, '2026-03-15 23:00:00', 'confirmed', 0),
(70, 184, 8651, '2026-03-15 23:00:00', 'confirmed', 0),
(71, 181, 8652, '2026-03-15 23:00:00', 'confirmed', 0),
(72, 188, 8652, '2026-03-15 23:00:00', 'confirmed', 0),
(73, 213, 8652, '2026-03-15 23:00:00', 'confirmed', 0),
(74, 183, 8652, '2026-03-15 23:00:00', 'confirmed', 0),
(75, 176, 8652, '2026-03-15 23:00:00', 'confirmed', 0),
(76, 188, 8653, '2026-03-15 23:00:00', 'confirmed', 0),
(77, 198, 8653, '2026-03-15 23:00:00', 'confirmed', 0),
(78, 203, 8653, '2026-03-15 23:00:00', 'confirmed', 0),
(79, 184, 8653, '2026-03-15 23:00:00', 'confirmed', 0),
(80, 195, 8653, '2026-03-15 23:00:00', 'confirmed', 0),
(81, 191, 8653, '2026-03-15 23:00:00', 'confirmed', 0),
(82, 168, 8653, '2026-03-15 23:00:00', 'confirmed', 0),
(83, 190, 8654, '2026-03-15 23:00:00', 'confirmed', 0),
(84, 186, 8654, '2026-03-15 23:00:00', 'confirmed', 0),
(85, 176, 8654, '2026-03-15 23:00:00', 'confirmed', 0),
(86, 198, 8654, '2026-03-15 23:00:00', 'confirmed', 0),
(87, 200, 8654, '2026-03-15 23:00:00', 'confirmed', 0),
(88, 167, 8654, '2026-03-15 23:00:00', 'confirmed', 0),
(89, 171, 8655, '2026-03-15 23:00:00', 'confirmed', 0),
(90, 197, 8655, '2026-03-15 23:00:00', 'confirmed', 0),
(91, 193, 8655, '2026-03-15 23:00:00', 'confirmed', 0),
(92, 203, 8655, '2026-03-15 23:00:00', 'confirmed', 0),
(93, 215, 8655, '2026-03-15 23:00:00', 'confirmed', 0),
(94, 196, 8655, '2026-03-15 23:00:00', 'confirmed', 0),
(95, 172, 8656, '2026-03-15 23:00:00', 'confirmed', 0),
(96, 184, 8656, '2026-03-15 23:00:00', 'confirmed', 0),
(97, 202, 8656, '2026-03-15 23:00:00', 'confirmed', 0),
(98, 168, 8656, '2026-03-15 23:00:00', 'confirmed', 0),
(99, 168, 8657, '2026-03-15 23:00:00', 'confirmed', 0),
(100, 187, 8657, '2026-03-15 23:00:00', 'confirmed', 0),
(101, 183, 8657, '2026-03-15 23:00:00', 'confirmed', 0),
(102, 214, 8657, '2026-03-15 23:00:00', 'confirmed', 0),
(103, 182, 8657, '2026-03-15 23:00:00', 'confirmed', 0),
(104, 201, 8658, '2026-03-15 23:00:00', 'confirmed', 0),
(105, 198, 8658, '2026-03-15 23:00:00', 'confirmed', 0),
(106, 206, 8658, '2026-03-15 23:00:00', 'confirmed', 0),
(107, 196, 8658, '2026-03-15 23:00:00', 'confirmed', 0),
(108, 182, 8658, '2026-03-15 23:00:00', 'confirmed', 0),
(109, 190, 8658, '2026-03-15 23:00:00', 'confirmed', 0),
(110, 175, 8659, '2026-03-15 23:00:00', 'confirmed', 0),
(111, 201, 8659, '2026-03-15 23:00:00', 'confirmed', 0),
(112, 206, 8659, '2026-03-15 23:00:00', 'confirmed', 0),
(113, 204, 8659, '2026-03-15 23:00:00', 'confirmed', 0),
(114, 193, 8659, '2026-03-15 23:00:00', 'confirmed', 0),
(115, 209, 8659, '2026-03-15 23:00:00', 'confirmed', 0),
(116, 200, 8659, '2026-03-15 23:00:00', 'confirmed', 0),
(117, 178, 8659, '2026-03-15 23:00:00', 'confirmed', 0),
(118, 182, 8660, '2026-03-15 23:00:00', 'confirmed', 0),
(119, 171, 8660, '2026-03-15 23:00:00', 'confirmed', 0),
(120, 196, 8660, '2026-03-15 23:00:00', 'confirmed', 0),
(121, 203, 8660, '2026-03-15 23:00:00', 'confirmed', 0),
(122, 173, 8660, '2026-03-15 23:00:00', 'confirmed', 0),
(123, 170, 8661, '2026-03-15 23:00:00', 'confirmed', 0),
(124, 196, 8661, '2026-03-15 23:00:00', 'confirmed', 0),
(125, 206, 8661, '2026-03-15 23:00:00', 'confirmed', 0),
(126, 193, 8661, '2026-03-15 23:00:00', 'confirmed', 0),
(127, 184, 8661, '2026-03-15 23:00:00', 'confirmed', 0),
(128, 214, 8661, '2026-03-15 23:00:00', 'confirmed', 0),
(129, 192, 8662, '2026-03-15 23:00:00', 'confirmed', 0),
(130, 175, 8662, '2026-03-15 23:00:00', 'confirmed', 0),
(131, 172, 8662, '2026-03-15 23:00:00', 'confirmed', 0),
(132, 168, 8662, '2026-03-15 23:00:00', 'confirmed', 0),
(133, 188, 8662, '2026-03-15 23:00:00', 'confirmed', 0),
(134, 210, 8662, '2026-03-15 23:00:00', 'confirmed', 0),
(135, 211, 8663, '2026-03-15 23:00:00', 'confirmed', 0),
(136, 210, 8663, '2026-03-15 23:00:00', 'confirmed', 0),
(137, 172, 8663, '2026-03-15 23:00:00', 'confirmed', 0),
(138, 176, 8664, '2026-03-15 23:00:00', 'confirmed', 0),
(139, 167, 8664, '2026-03-15 23:00:00', 'confirmed', 0),
(140, 203, 8664, '2026-03-15 23:00:00', 'confirmed', 0),
(141, 165, 8664, '2026-03-15 23:00:00', 'confirmed', 0),
(142, 212, 8664, '2026-03-15 23:00:00', 'confirmed', 0),
(143, 186, 8664, '2026-03-15 23:00:00', 'confirmed', 0),
(144, 211, 8664, '2026-03-15 23:00:00', 'confirmed', 0),
(145, 188, 8664, '2026-03-15 23:00:00', 'confirmed', 0),
(146, 167, 8665, '2026-03-15 23:00:00', 'confirmed', 0),
(147, 195, 8665, '2026-03-15 23:00:00', 'confirmed', 0),
(148, 174, 8665, '2026-03-15 23:00:00', 'confirmed', 0),
(149, 200, 8665, '2026-03-15 23:00:00', 'confirmed', 0),
(150, 191, 8665, '2026-03-15 23:00:00', 'confirmed', 0),
(151, 173, 8665, '2026-03-15 23:00:00', 'confirmed', 0),
(152, 175, 8666, '2026-03-15 23:00:00', 'confirmed', 0),
(153, 180, 8666, '2026-03-15 23:00:00', 'confirmed', 0),
(154, 208, 8666, '2026-03-15 23:00:00', 'confirmed', 0),
(155, 206, 8667, '2026-03-15 23:00:00', 'confirmed', 0),
(156, 208, 8667, '2026-03-15 23:00:00', 'confirmed', 0),
(157, 215, 8667, '2026-03-15 23:00:00', 'confirmed', 0),
(158, 214, 8667, '2026-03-15 23:00:00', 'confirmed', 0),
(159, 176, 8667, '2026-03-15 23:00:00', 'confirmed', 0),
(160, 167, 8667, '2026-03-15 23:00:00', 'confirmed', 0),
(161, 204, 8667, '2026-03-15 23:00:00', 'confirmed', 0),
(162, 204, 8668, '2026-03-15 23:00:00', 'confirmed', 0),
(163, 208, 8668, '2026-03-15 23:00:00', 'confirmed', 0),
(164, 173, 8668, '2026-03-15 23:00:00', 'confirmed', 0),
(165, 194, 8668, '2026-03-15 23:00:00', 'confirmed', 0),
(166, 181, 8668, '2026-03-15 23:00:00', 'confirmed', 0),
(167, 212, 8668, '2026-03-15 23:00:00', 'confirmed', 0),
(168, 206, 8668, '2026-03-15 23:00:00', 'confirmed', 0),
(169, 175, 8668, '2026-03-15 23:00:00', 'confirmed', 0),
(170, 184, 8669, '2026-03-15 23:00:00', 'confirmed', 0),
(171, 191, 8669, '2026-03-15 23:00:00', 'confirmed', 0),
(172, 211, 8669, '2026-03-15 23:00:00', 'confirmed', 0),
(173, 190, 8670, '2026-03-15 23:00:00', 'confirmed', 0),
(174, 203, 8670, '2026-03-15 23:00:00', 'confirmed', 0),
(175, 192, 8670, '2026-03-15 23:00:00', 'confirmed', 0),
(176, 200, 8670, '2026-03-15 23:00:00', 'confirmed', 0),
(177, 186, 8670, '2026-03-15 23:00:00', 'confirmed', 0),
(178, 187, 8671, '2026-03-15 23:00:00', 'confirmed', 0),
(179, 190, 8671, '2026-03-15 23:00:00', 'confirmed', 0),
(180, 188, 8671, '2026-03-15 23:00:00', 'confirmed', 0),
(181, 208, 8671, '2026-03-15 23:00:00', 'confirmed', 0),
(182, 179, 8671, '2026-03-15 23:00:00', 'confirmed', 0),
(183, 205, 8671, '2026-03-15 23:00:00', 'confirmed', 0),
(184, 210, 8671, '2026-03-15 23:00:00', 'confirmed', 0),
(185, 182, 8671, '2026-03-15 23:00:00', 'confirmed', 0);

-- --------------------------------------------------------

--
-- Tábla szerkezet ehhez a táblához `reservedseats`
--

DROP TABLE IF EXISTS `reservedseats`;
CREATE TABLE `reservedseats` (
  `reserved_seat_id` int(11) NOT NULL,
  `reservation_id` int(11) NOT NULL,
  `seat_id` int(11) NOT NULL
) ENGINE=InnoDB DEFAULT CHARSET=utf8mb4 COLLATE=utf8mb4_general_ci;

--
-- A tábla adatainak kiíratása `reservedseats`
--

INSERT INTO `reservedseats` (`reserved_seat_id`, `reservation_id`, `seat_id`) VALUES
(1, 1, 9),
(2, 2, 17),
(3, 2, 93),
(4, 3, 101),
(5, 4, 106),
(6, 5, 55),
(7, 6, 100),
(8, 7, 38),
(10, 8, 326),
(9, 8, 328),
(11, 9, 336),
(12, 9, 368),
(13, 10, 351),
(14, 10, 363),
(16, 11, 335),
(15, 11, 361),
(18, 12, 357),
(17, 12, 359),
(19, 13, 345),
(20, 14, 324),
(21, 14, 344),
(23, 15, 21),
(22, 15, 64),
(25, 16, 88),
(24, 16, 93),
(27, 17, 79),
(26, 17, 82),
(28, 18, 45),
(29, 18, 83),
(30, 19, 85),
(31, 20, 76),
(32, 20, 96),
(33, 21, 61),
(34, 22, 52),
(35, 22, 105),
(36, 23, 365),
(37, 23, 370),
(38, 24, 325),
(39, 25, 329),
(40, 25, 344),
(41, 26, 351),
(42, 26, 353),
(43, 27, 358),
(44, 28, 371),
(45, 29, 332),
(46, 29, 347),
(47, 30, 345),
(48, 31, 27),
(50, 32, 7),
(49, 32, 104),
(51, 33, 8),
(52, 34, 342),
(53, 34, 347),
(54, 35, 360),
(55, 36, 336),
(56, 37, 327),
(57, 37, 344),
(58, 38, 334),
(59, 38, 346),
(61, 39, 333),
(60, 39, 361),
(62, 40, 348),
(64, 41, 43),
(63, 41, 65),
(65, 42, 53),
(66, 42, 79),
(67, 43, 17),
(69, 44, 348),
(68, 44, 370),
(71, 45, 353),
(70, 45, 366),
(73, 46, 336),
(72, 46, 373),
(74, 47, 52),
(75, 48, 88),
(76, 49, 37),
(77, 50, 70),
(79, 51, 84),
(78, 51, 102),
(80, 52, 345),
(81, 53, 357),
(82, 53, 358),
(83, 54, 356),
(85, 55, 329),
(84, 55, 339),
(86, 56, 46),
(87, 56, 51),
(88, 57, 61),
(89, 58, 10),
(90, 58, 71),
(91, 59, 56),
(92, 59, 68),
(94, 60, 64),
(93, 60, 76),
(96, 61, 8),
(95, 61, 59),
(97, 62, 329),
(98, 63, 358),
(99, 63, 369),
(100, 64, 335),
(101, 64, 336),
(102, 65, 74),
(103, 66, 54),
(105, 67, 51),
(104, 67, 99),
(106, 68, 371),
(107, 69, 327),
(108, 69, 354),
(109, 70, 333),
(110, 70, 373),
(111, 71, 8),
(112, 72, 78),
(113, 73, 68),
(114, 74, 87),
(116, 75, 39),
(115, 75, 51),
(117, 76, 328),
(119, 77, 330),
(118, 77, 336),
(121, 78, 367),
(120, 78, 369),
(122, 79, 337),
(123, 80, 356),
(124, 81, 353),
(125, 81, 361),
(126, 82, 344),
(127, 83, 68),
(128, 84, 9),
(129, 85, 28),
(130, 86, 14),
(131, 86, 97),
(132, 87, 37),
(133, 87, 94),
(134, 88, 51),
(135, 88, 89),
(136, 89, 15),
(137, 90, 71),
(139, 91, 62),
(138, 91, 68),
(141, 92, 21),
(140, 92, 85),
(142, 93, 84),
(143, 94, 34),
(144, 95, 359),
(145, 96, 369),
(146, 96, 372),
(147, 97, 340),
(149, 98, 325),
(148, 98, 365),
(150, 99, 90),
(151, 99, 106),
(152, 100, 11),
(154, 101, 56),
(153, 101, 98),
(155, 102, 54),
(156, 103, 80),
(158, 104, 337),
(157, 104, 350),
(160, 105, 343),
(159, 105, 354),
(161, 106, 336),
(163, 107, 365),
(162, 107, 368),
(165, 108, 333),
(164, 108, 353),
(166, 109, 348),
(167, 109, 359),
(168, 110, 19),
(169, 110, 104),
(170, 111, 72),
(171, 112, 39),
(172, 113, 73),
(173, 114, 50),
(174, 115, 38),
(176, 116, 27),
(175, 116, 101),
(178, 117, 69),
(177, 117, 80),
(179, 118, 327),
(180, 118, 336),
(181, 119, 341),
(182, 119, 359),
(183, 120, 340),
(185, 121, 326),
(184, 121, 343),
(187, 122, 335),
(186, 122, 362),
(189, 123, 36),
(188, 123, 100),
(190, 124, 84),
(191, 125, 104),
(193, 126, 44),
(192, 126, 69),
(195, 127, 46),
(194, 127, 96),
(197, 128, 83),
(196, 128, 105),
(198, 129, 327),
(199, 129, 330),
(200, 130, 344),
(201, 130, 371),
(202, 131, 368),
(203, 132, 343),
(204, 133, 338),
(206, 134, 334),
(205, 134, 340),
(207, 135, 23),
(208, 135, 59),
(209, 136, 64),
(210, 136, 75),
(211, 137, 17),
(212, 137, 67),
(213, 138, 372),
(214, 139, 342),
(215, 139, 368),
(216, 140, 339),
(217, 141, 349),
(218, 142, 335),
(219, 143, 356),
(220, 144, 354),
(221, 144, 373),
(222, 145, 343),
(223, 145, 364),
(224, 146, 12),
(226, 147, 9),
(225, 147, 94),
(227, 148, 37),
(228, 149, 52),
(229, 149, 82),
(230, 150, 85),
(231, 151, 97),
(233, 152, 360),
(232, 152, 368),
(234, 153, 369),
(235, 154, 362),
(236, 155, 69),
(237, 155, 92),
(239, 156, 7),
(238, 156, 19),
(241, 157, 8),
(240, 157, 76),
(243, 158, 43),
(242, 158, 89),
(244, 159, 62),
(245, 160, 84),
(246, 161, 42),
(247, 161, 83),
(248, 162, 325),
(249, 163, 331),
(250, 164, 351),
(252, 165, 324),
(251, 165, 361),
(253, 166, 327),
(254, 166, 364),
(256, 167, 333),
(255, 167, 344),
(257, 168, 347),
(258, 168, 369),
(260, 169, 336),
(259, 169, 342),
(261, 170, 36),
(262, 170, 72),
(264, 171, 51),
(263, 171, 105),
(265, 172, 12),
(266, 172, 15),
(267, 173, 367),
(269, 174, 329),
(268, 174, 373),
(271, 175, 333),
(270, 175, 334),
(272, 176, 351),
(273, 176, 360),
(275, 177, 361),
(274, 177, 364),
(276, 178, 72),
(278, 179, 19),
(277, 179, 73),
(279, 180, 24),
(280, 180, 58),
(281, 181, 42),
(282, 182, 43),
(283, 183, 61),
(284, 184, 62),
(285, 184, 76),
(287, 185, 32),
(286, 185, 97);

-- --------------------------------------------------------

--
-- Tábla szerkezet ehhez a táblához `seats`
--

DROP TABLE IF EXISTS `seats`;
CREATE TABLE `seats` (
  `seat_id` int(11) NOT NULL,
  `hall_id` int(11) NOT NULL,
  `seat_number` varchar(10) NOT NULL,
  `is_vip` tinyint(1) DEFAULT 0
) ENGINE=InnoDB DEFAULT CHARSET=utf8mb4 COLLATE=utf8mb4_general_ci;

--
-- A tábla adatainak kiíratása `seats`
--

INSERT INTO `seats` (`seat_id`, `hall_id`, `seat_number`, `is_vip`) VALUES
(7, 1, 'A1', 0),
(8, 1, 'A2', 0),
(9, 1, 'A3', 0),
(10, 1, 'A4', 0),
(11, 1, 'A5', 0),
(12, 1, 'A6', 0),
(13, 1, 'A7', 0),
(14, 1, 'A8', 0),
(15, 1, 'A9', 0),
(16, 1, 'A10', 0),
(17, 1, 'A11', 0),
(18, 1, 'A12', 0),
(19, 1, 'A13', 0),
(20, 1, 'A14', 0),
(21, 1, 'A15', 0),
(22, 1, 'A16', 0),
(23, 1, 'A17', 0),
(24, 1, 'A18', 0),
(25, 1, 'A19', 0),
(26, 1, 'A20', 0),
(27, 1, 'A21', 0),
(28, 1, 'A22', 0),
(29, 1, 'A23', 0),
(30, 1, 'A24', 0),
(31, 1, 'A25', 0),
(32, 1, 'A26', 0),
(33, 1, 'A27', 0),
(34, 1, 'A28', 0),
(35, 1, 'A29', 0),
(36, 1, 'A30', 0),
(37, 1, 'A31', 0),
(38, 1, 'A32', 0),
(39, 1, 'A33', 0),
(40, 1, 'A34', 0),
(41, 1, 'A35', 0),
(42, 1, 'A36', 0),
(43, 1, 'A37', 0),
(44, 1, 'A38', 0),
(45, 1, 'A39', 0),
(46, 1, 'A40', 0),
(47, 1, 'A41', 0),
(48, 1, 'A42', 0),
(49, 1, 'A43', 0),
(50, 1, 'A44', 0),
(51, 1, 'A45', 0),
(52, 1, 'A46', 0),
(53, 1, 'A47', 0),
(54, 1, 'A48', 0),
(55, 1, 'A49', 0),
(56, 1, 'A50', 0),
(57, 1, 'A51', 0),
(58, 1, 'A52', 0),
(59, 1, 'A53', 0),
(60, 1, 'A54', 0),
(61, 1, 'A55', 0),
(62, 1, 'A56', 0),
(63, 1, 'A57', 0),
(64, 1, 'A58', 0),
(65, 1, 'A59', 0),
(66, 1, 'A60', 0),
(67, 1, 'A61', 0),
(68, 1, 'A62', 0),
(69, 1, 'A63', 0),
(70, 1, 'A64', 0),
(71, 1, 'A65', 0),
(72, 1, 'A66', 0),
(73, 1, 'A67', 0),
(74, 1, 'A68', 0),
(75, 1, 'A69', 0),
(76, 1, 'A70', 0),
(77, 1, 'A71', 0),
(78, 1, 'A72', 0),
(79, 1, 'A73', 0),
(80, 1, 'A74', 0),
(81, 1, 'A75', 0),
(82, 1, 'A76', 0),
(83, 1, 'A77', 0),
(84, 1, 'A78', 0),
(85, 1, 'A79', 0),
(86, 1, 'A80', 0),
(87, 1, 'A81', 0),
(88, 1, 'A82', 0),
(89, 1, 'A83', 0),
(90, 1, 'A84', 0),
(91, 1, 'A85', 0),
(92, 1, 'A86', 0),
(93, 1, 'A87', 0),
(94, 1, 'A88', 0),
(95, 1, 'A89', 0),
(96, 1, 'A90', 0),
(97, 1, 'A91', 0),
(98, 1, 'A92', 0),
(99, 1, 'A93', 0),
(100, 1, 'A94', 0),
(101, 1, 'A95', 0),
(102, 1, 'A96', 0),
(103, 1, 'A97', 0),
(104, 1, 'A98', 0),
(105, 1, 'A99', 0),
(106, 1, 'A100', 0),
(324, 2, 'B1', 0),
(325, 2, 'B2', 0),
(326, 2, 'B3', 0),
(327, 2, 'B4', 0),
(328, 2, 'B5', 0),
(329, 2, 'B6', 0),
(330, 2, 'B7', 0),
(331, 2, 'B8', 0),
(332, 2, 'B9', 0),
(333, 2, 'B10', 0),
(334, 2, 'B11', 0),
(335, 2, 'B12', 0),
(336, 2, 'B13', 0),
(337, 2, 'B14', 0),
(338, 2, 'B15', 0),
(339, 2, 'B16', 0),
(340, 2, 'B17', 0),
(341, 2, 'B18', 0),
(342, 2, 'B19', 0),
(343, 2, 'B20', 0),
(344, 2, 'B21', 0),
(345, 2, 'B22', 0),
(346, 2, 'B23', 0),
(347, 2, 'B24', 0),
(348, 2, 'B25', 0),
(349, 2, 'B26', 0),
(350, 2, 'B27', 0),
(351, 2, 'B28', 0),
(352, 2, 'B29', 0),
(353, 2, 'B30', 0),
(354, 2, 'B31', 0),
(355, 2, 'B32', 0),
(356, 2, 'B33', 0),
(357, 2, 'B34', 0),
(358, 2, 'B35', 0),
(359, 2, 'B36', 0),
(360, 2, 'B37', 0),
(361, 2, 'B38', 0),
(362, 2, 'B39', 0),
(363, 2, 'B40', 0),
(364, 2, 'B41', 0),
(365, 2, 'B42', 0),
(366, 2, 'B43', 0),
(367, 2, 'B44', 0),
(368, 2, 'B45', 0),
(369, 2, 'B46', 0),
(370, 2, 'B47', 0),
(371, 2, 'B48', 0),
(372, 2, 'B49', 0),
(373, 2, 'B50', 0);

-- --------------------------------------------------------

--
-- Tábla szerkezet ehhez a táblához `showtimes`
--

DROP TABLE IF EXISTS `showtimes`;
CREATE TABLE `showtimes` (
  `showtime_id` int(11) NOT NULL,
  `movie_id` int(11) NOT NULL,
  `hall_id` int(11) NOT NULL,
  `show_date` date NOT NULL,
  `show_time` time NOT NULL,
  `created_at` timestamp NOT NULL DEFAULT current_timestamp()
) ENGINE=InnoDB DEFAULT CHARSET=utf8mb4 COLLATE=utf8mb4_general_ci;

--
-- A tábla adatainak kiíratása `showtimes`
--

INSERT INTO `showtimes` (`showtime_id`, `movie_id`, `hall_id`, `show_date`, `show_time`, `created_at`) VALUES
(8638, 38, 1, '2026-03-16', '19:00:00', '2026-03-16 11:34:34'),
(8639, 38, 2, '2026-03-16', '11:00:00', '2026-03-16 11:34:34'),
(8640, 38, 1, '2026-03-16', '18:00:00', '2026-03-16 11:34:34'),
(8641, 38, 2, '2026-03-16', '20:30:00', '2026-03-16 11:34:34'),
(8642, 108, 1, '2026-03-16', '15:00:00', '2026-03-16 11:34:34'),
(8643, 108, 2, '2026-03-16', '16:00:00', '2026-03-16 11:34:34'),
(8644, 108, 1, '2026-03-16', '20:30:00', '2026-03-16 11:34:34'),
(8645, 108, 2, '2026-03-16', '13:30:00', '2026-03-16 11:34:34'),
(8646, 81, 1, '2026-03-16', '23:30:00', '2026-03-16 11:34:34'),
(8647, 81, 2, '2026-03-16', '19:30:00', '2026-03-16 11:34:34'),
(8648, 81, 1, '2026-03-16', '13:00:00', '2026-03-16 11:34:34'),
(8649, 81, 2, '2026-03-16', '17:30:00', '2026-03-16 11:34:34'),
(8650, 80, 1, '2026-03-16', '12:30:00', '2026-03-16 11:34:34'),
(8651, 80, 2, '2026-03-16', '18:00:00', '2026-03-16 11:34:34'),
(8652, 80, 1, '2026-03-16', '15:30:00', '2026-03-16 11:34:34'),
(8653, 80, 2, '2026-03-16', '22:00:00', '2026-03-16 11:34:34'),
(8654, 80, 1, '2026-03-16', '17:00:00', '2026-03-16 11:34:34'),
(8655, 47, 1, '2026-03-16', '14:30:00', '2026-03-16 11:34:34'),
(8656, 47, 2, '2026-03-16', '23:30:00', '2026-03-16 11:34:34'),
(8657, 47, 1, '2026-03-16', '22:00:00', '2026-03-16 11:34:34'),
(8658, 47, 2, '2026-03-16', '14:30:00', '2026-03-16 11:34:34'),
(8659, 74, 1, '2026-03-16', '16:00:00', '2026-03-16 11:34:34'),
(8660, 74, 2, '2026-03-16', '15:30:00', '2026-03-16 11:34:34'),
(8661, 74, 1, '2026-03-16', '19:30:00', '2026-03-16 11:34:34'),
(8662, 74, 2, '2026-03-16', '21:30:00', '2026-03-16 11:34:34'),
(8663, 25, 1, '2026-03-16', '17:30:00', '2026-03-16 11:34:34'),
(8664, 25, 2, '2026-03-16', '17:00:00', '2026-03-16 11:34:34'),
(8665, 25, 1, '2026-03-16', '22:30:00', '2026-03-16 11:34:34'),
(8666, 25, 2, '2026-03-16', '18:30:00', '2026-03-16 11:34:34'),
(8667, 91, 1, '2026-03-16', '10:30:00', '2026-03-16 11:34:34'),
(8668, 91, 2, '2026-03-16', '10:30:00', '2026-03-16 11:34:34'),
(8669, 91, 1, '2026-03-16', '16:30:00', '2026-03-16 11:34:34'),
(8670, 91, 2, '2026-03-16', '11:30:00', '2026-03-16 11:34:34'),
(8671, 91, 1, '2026-03-16', '11:00:00', '2026-03-16 11:34:34'),
(8672, 20, 1, '2026-03-17', '16:00:00', '2026-03-16 11:34:34'),
(8673, 20, 2, '2026-03-17', '20:30:00', '2026-03-16 11:34:34'),
(8674, 20, 1, '2026-03-17', '20:30:00', '2026-03-16 11:34:34'),
(8675, 20, 2, '2026-03-17', '11:00:00', '2026-03-16 11:34:34'),
(8676, 81, 1, '2026-03-17', '16:30:00', '2026-03-16 11:34:34'),
(8677, 81, 2, '2026-03-17', '10:00:00', '2026-03-16 11:34:34'),
(8678, 81, 1, '2026-03-17', '14:30:00', '2026-03-16 11:34:34'),
(8679, 81, 2, '2026-03-17', '11:30:00', '2026-03-16 11:34:34'),
(8680, 81, 1, '2026-03-17', '19:00:00', '2026-03-16 11:34:34'),
(8681, 21, 1, '2026-03-17', '23:00:00', '2026-03-16 11:34:34'),
(8682, 21, 2, '2026-03-17', '19:30:00', '2026-03-16 11:34:34'),
(8683, 21, 1, '2026-03-17', '10:30:00', '2026-03-16 11:34:34'),
(8684, 21, 2, '2026-03-17', '22:30:00', '2026-03-16 11:34:34'),
(8685, 21, 1, '2026-03-17', '10:00:00', '2026-03-16 11:34:34'),
(8686, 103, 1, '2026-03-17', '17:30:00', '2026-03-16 11:34:34'),
(8687, 103, 2, '2026-03-17', '10:30:00', '2026-03-16 11:34:34'),
(8688, 103, 1, '2026-03-17', '11:30:00', '2026-03-16 11:34:34'),
(8689, 103, 2, '2026-03-17', '12:30:00', '2026-03-16 11:34:34'),
(8690, 103, 1, '2026-03-17', '19:30:00', '2026-03-16 11:34:34'),
(8691, 88, 1, '2026-03-17', '15:00:00', '2026-03-16 11:34:34'),
(8692, 88, 2, '2026-03-17', '22:00:00', '2026-03-16 11:34:34'),
(8693, 88, 1, '2026-03-17', '12:00:00', '2026-03-16 11:34:34'),
(8694, 88, 2, '2026-03-17', '21:30:00', '2026-03-16 11:34:34'),
(8695, 88, 1, '2026-03-17', '22:30:00', '2026-03-16 11:34:34'),
(8696, 55, 1, '2026-03-17', '18:00:00', '2026-03-16 11:34:34'),
(8697, 55, 2, '2026-03-17', '14:30:00', '2026-03-16 11:34:34'),
(8698, 55, 1, '2026-03-17', '18:30:00', '2026-03-16 11:34:34'),
(8699, 55, 2, '2026-03-17', '18:00:00', '2026-03-16 11:34:34'),
(8700, 22, 1, '2026-03-18', '16:00:00', '2026-03-16 11:34:34'),
(8701, 22, 2, '2026-03-18', '16:30:00', '2026-03-16 11:34:34'),
(8702, 22, 1, '2026-03-18', '19:30:00', '2026-03-16 11:34:34'),
(8703, 22, 2, '2026-03-18', '16:00:00', '2026-03-16 11:34:34'),
(8704, 34, 1, '2026-03-18', '17:30:00', '2026-03-16 11:34:34'),
(8705, 34, 2, '2026-03-18', '11:00:00', '2026-03-16 11:34:34'),
(8706, 34, 1, '2026-03-18', '13:30:00', '2026-03-16 11:34:34'),
(8707, 34, 2, '2026-03-18', '23:00:00', '2026-03-16 11:34:34'),
(8708, 34, 1, '2026-03-18', '19:00:00', '2026-03-16 11:34:34'),
(8709, 68, 1, '2026-03-18', '18:00:00', '2026-03-16 11:34:34'),
(8710, 68, 2, '2026-03-18', '14:00:00', '2026-03-16 11:34:34'),
(8711, 68, 1, '2026-03-18', '13:00:00', '2026-03-16 11:34:34'),
(8712, 68, 2, '2026-03-18', '12:00:00', '2026-03-16 11:34:34'),
(8713, 68, 1, '2026-03-18', '10:30:00', '2026-03-16 11:34:34'),
(8714, 78, 1, '2026-03-18', '22:00:00', '2026-03-16 11:34:34'),
(8715, 78, 2, '2026-03-18', '13:00:00', '2026-03-16 11:34:34'),
(8716, 78, 1, '2026-03-18', '11:00:00', '2026-03-16 11:34:34'),
(8717, 78, 2, '2026-03-18', '21:30:00', '2026-03-16 11:34:34'),
(8718, 78, 1, '2026-03-18', '21:00:00', '2026-03-16 11:34:34'),
(8719, 55, 1, '2026-03-18', '12:00:00', '2026-03-16 11:34:34'),
(8720, 55, 2, '2026-03-18', '13:30:00', '2026-03-16 11:34:34'),
(8721, 55, 1, '2026-03-18', '23:00:00', '2026-03-16 11:34:34'),
(8722, 55, 2, '2026-03-18', '20:00:00', '2026-03-16 11:34:34'),
(8723, 55, 1, '2026-03-18', '15:30:00', '2026-03-16 11:34:34'),
(8724, 28, 1, '2026-03-18', '10:00:00', '2026-03-16 11:34:34'),
(8725, 28, 2, '2026-03-18', '10:30:00', '2026-03-16 11:34:34'),
(8726, 28, 1, '2026-03-18', '17:00:00', '2026-03-16 11:34:34'),
(8727, 28, 2, '2026-03-18', '20:30:00', '2026-03-16 11:34:34'),
(8728, 28, 1, '2026-03-18', '12:30:00', '2026-03-16 11:34:34'),
(8729, 70, 1, '2026-03-18', '16:30:00', '2026-03-16 11:34:34'),
(8730, 70, 2, '2026-03-18', '17:00:00', '2026-03-16 11:34:34'),
(8731, 70, 1, '2026-03-18', '14:30:00', '2026-03-16 11:34:34'),
(8732, 70, 2, '2026-03-18', '19:00:00', '2026-03-16 11:34:34'),
(8733, 97, 1, '2026-03-18', '22:30:00', '2026-03-16 11:34:34'),
(8734, 97, 2, '2026-03-18', '22:30:00', '2026-03-16 11:34:34'),
(8735, 97, 1, '2026-03-18', '15:00:00', '2026-03-16 11:34:34'),
(8736, 97, 2, '2026-03-18', '14:30:00', '2026-03-16 11:34:34'),
(8737, 32, 1, '2026-03-19', '21:00:00', '2026-03-16 11:34:34'),
(8738, 32, 2, '2026-03-19', '11:00:00', '2026-03-16 11:34:34'),
(8739, 32, 1, '2026-03-19', '16:00:00', '2026-03-16 11:34:34'),
(8740, 32, 2, '2026-03-19', '19:00:00', '2026-03-16 11:34:34'),
(8741, 10, 1, '2026-03-19', '16:30:00', '2026-03-16 11:34:34'),
(8742, 10, 2, '2026-03-19', '18:30:00', '2026-03-16 11:34:34'),
(8743, 10, 1, '2026-03-19', '14:30:00', '2026-03-16 11:34:34'),
(8744, 10, 2, '2026-03-19', '16:00:00', '2026-03-16 11:34:34'),
(8745, 57, 1, '2026-03-19', '13:00:00', '2026-03-16 11:34:34'),
(8746, 57, 2, '2026-03-19', '15:00:00', '2026-03-16 11:34:34'),
(8747, 57, 1, '2026-03-19', '22:30:00', '2026-03-16 11:34:34'),
(8748, 57, 2, '2026-03-19', '13:30:00', '2026-03-16 11:34:34'),
(8749, 105, 1, '2026-03-19', '15:30:00', '2026-03-16 11:34:34'),
(8750, 105, 2, '2026-03-19', '12:00:00', '2026-03-16 11:34:34'),
(8751, 105, 1, '2026-03-19', '17:30:00', '2026-03-16 11:34:34'),
(8752, 105, 2, '2026-03-19', '14:00:00', '2026-03-16 11:34:34'),
(8753, 71, 1, '2026-03-19', '12:00:00', '2026-03-16 11:34:34'),
(8754, 71, 2, '2026-03-19', '14:30:00', '2026-03-16 11:34:34'),
(8755, 71, 1, '2026-03-19', '11:30:00', '2026-03-16 11:34:34'),
(8756, 71, 2, '2026-03-19', '17:30:00', '2026-03-16 11:34:34'),
(8757, 71, 1, '2026-03-19', '14:00:00', '2026-03-16 11:34:34'),
(8758, 13, 1, '2026-03-19', '17:00:00', '2026-03-16 11:34:34'),
(8759, 13, 2, '2026-03-19', '18:00:00', '2026-03-16 11:34:34'),
(8760, 13, 1, '2026-03-19', '12:30:00', '2026-03-16 11:34:34'),
(8761, 13, 2, '2026-03-19', '12:30:00', '2026-03-16 11:34:34'),
(8762, 13, 1, '2026-03-19', '20:00:00', '2026-03-16 11:34:34'),
(8763, 7, 1, '2026-03-19', '18:00:00', '2026-03-16 11:34:34'),
(8764, 7, 2, '2026-03-19', '20:00:00', '2026-03-16 11:34:34'),
(8765, 7, 1, '2026-03-19', '19:30:00', '2026-03-16 11:34:34'),
(8766, 7, 2, '2026-03-19', '23:30:00', '2026-03-16 11:34:34'),
(8767, 7, 1, '2026-03-19', '10:30:00', '2026-03-16 11:34:34'),
(8768, 86, 1, '2026-03-20', '22:30:00', '2026-03-16 11:34:34'),
(8769, 86, 2, '2026-03-20', '10:00:00', '2026-03-16 11:34:34'),
(8770, 86, 1, '2026-03-20', '13:30:00', '2026-03-16 11:34:34'),
(8771, 86, 2, '2026-03-20', '16:30:00', '2026-03-16 11:34:34'),
(8772, 83, 1, '2026-03-20', '11:00:00', '2026-03-16 11:34:34'),
(8773, 83, 2, '2026-03-20', '18:30:00', '2026-03-16 11:34:34'),
(8774, 83, 1, '2026-03-20', '20:30:00', '2026-03-16 11:34:34'),
(8775, 83, 2, '2026-03-20', '23:00:00', '2026-03-16 11:34:34'),
(8776, 39, 1, '2026-03-20', '18:30:00', '2026-03-16 11:34:34'),
(8777, 39, 2, '2026-03-20', '17:30:00', '2026-03-16 11:34:34'),
(8778, 39, 1, '2026-03-20', '23:30:00', '2026-03-16 11:34:34'),
(8779, 39, 2, '2026-03-20', '17:00:00', '2026-03-16 11:34:34'),
(8780, 39, 1, '2026-03-20', '15:00:00', '2026-03-16 11:34:34'),
(8781, 59, 1, '2026-03-20', '22:00:00', '2026-03-16 11:34:34'),
(8782, 59, 2, '2026-03-20', '15:30:00', '2026-03-16 11:34:34'),
(8783, 59, 1, '2026-03-20', '15:30:00', '2026-03-16 11:34:34'),
(8784, 59, 2, '2026-03-20', '19:00:00', '2026-03-16 11:34:34'),
(8785, 41, 1, '2026-03-20', '20:00:00', '2026-03-16 11:34:34'),
(8786, 41, 2, '2026-03-20', '12:00:00', '2026-03-16 11:34:34'),
(8787, 41, 1, '2026-03-20', '19:00:00', '2026-03-16 11:34:34'),
(8788, 41, 2, '2026-03-20', '22:00:00', '2026-03-16 11:34:34'),
(8789, 97, 1, '2026-03-20', '21:00:00', '2026-03-16 11:34:34'),
(8790, 97, 2, '2026-03-20', '14:00:00', '2026-03-16 11:34:34'),
(8791, 97, 1, '2026-03-20', '19:30:00', '2026-03-16 11:34:34'),
(8792, 97, 2, '2026-03-20', '21:00:00', '2026-03-16 11:34:34'),
(8793, 10, 1, '2026-03-21', '19:30:00', '2026-03-16 11:34:34'),
(8794, 10, 2, '2026-03-21', '16:30:00', '2026-03-16 11:34:34'),
(8795, 10, 1, '2026-03-21', '16:00:00', '2026-03-16 11:34:34'),
(8796, 10, 2, '2026-03-21', '17:00:00', '2026-03-16 11:34:34'),
(8797, 10, 1, '2026-03-21', '11:30:00', '2026-03-16 11:34:34'),
(8798, 89, 1, '2026-03-21', '23:30:00', '2026-03-16 11:34:34'),
(8799, 89, 2, '2026-03-21', '18:30:00', '2026-03-16 11:34:34'),
(8800, 89, 1, '2026-03-21', '21:00:00', '2026-03-16 11:34:34'),
(8801, 89, 2, '2026-03-21', '13:30:00', '2026-03-16 11:34:34'),
(8802, 20, 1, '2026-03-21', '13:00:00', '2026-03-16 11:34:34'),
(8803, 20, 2, '2026-03-21', '11:30:00', '2026-03-16 11:34:34'),
(8804, 20, 1, '2026-03-21', '17:30:00', '2026-03-16 11:34:34'),
(8805, 20, 2, '2026-03-21', '14:30:00', '2026-03-16 11:34:34'),
(8806, 20, 1, '2026-03-21', '20:30:00', '2026-03-16 11:34:34'),
(8807, 70, 1, '2026-03-21', '21:30:00', '2026-03-16 11:34:34'),
(8808, 70, 2, '2026-03-21', '23:30:00', '2026-03-16 11:34:34'),
(8809, 70, 1, '2026-03-21', '10:30:00', '2026-03-16 11:34:34'),
(8810, 70, 2, '2026-03-21', '16:00:00', '2026-03-16 11:34:34'),
(8811, 5, 1, '2026-03-21', '19:00:00', '2026-03-16 11:34:34'),
(8812, 5, 2, '2026-03-21', '19:00:00', '2026-03-16 11:34:34'),
(8813, 5, 1, '2026-03-21', '22:30:00', '2026-03-16 11:34:34'),
(8814, 5, 2, '2026-03-21', '12:30:00', '2026-03-16 11:34:34'),
(8815, 108, 1, '2026-03-21', '23:00:00', '2026-03-16 11:34:34'),
(8816, 108, 2, '2026-03-21', '15:30:00', '2026-03-16 11:34:34'),
(8817, 108, 1, '2026-03-21', '16:30:00', '2026-03-16 11:34:34'),
(8818, 108, 2, '2026-03-21', '10:00:00', '2026-03-16 11:34:34'),
(8819, 108, 1, '2026-03-21', '15:00:00', '2026-03-16 11:34:34'),
(8820, 14, 1, '2026-03-22', '18:00:00', '2026-03-16 11:34:34'),
(8821, 14, 2, '2026-03-22', '19:00:00', '2026-03-16 11:34:34'),
(8822, 14, 1, '2026-03-22', '17:30:00', '2026-03-16 11:34:34'),
(8823, 14, 2, '2026-03-22', '11:30:00', '2026-03-16 11:34:34'),
(8824, 14, 1, '2026-03-22', '14:30:00', '2026-03-16 11:34:34'),
(8825, 77, 1, '2026-03-22', '14:00:00', '2026-03-16 11:34:34'),
(8826, 77, 2, '2026-03-22', '20:30:00', '2026-03-16 11:34:34'),
(8827, 77, 1, '2026-03-22', '23:00:00', '2026-03-16 11:34:34'),
(8828, 77, 2, '2026-03-22', '22:30:00', '2026-03-16 11:34:34'),
(8829, 77, 1, '2026-03-22', '20:00:00', '2026-03-16 11:34:34'),
(8830, 56, 1, '2026-03-22', '15:00:00', '2026-03-16 11:34:34'),
(8831, 56, 2, '2026-03-22', '11:00:00', '2026-03-16 11:34:34'),
(8832, 56, 1, '2026-03-22', '12:30:00', '2026-03-16 11:34:34'),
(8833, 56, 2, '2026-03-22', '20:00:00', '2026-03-16 11:34:34'),
(8834, 45, 1, '2026-03-22', '19:30:00', '2026-03-16 11:34:34'),
(8835, 45, 2, '2026-03-22', '18:30:00', '2026-03-16 11:34:34'),
(8836, 45, 1, '2026-03-22', '10:00:00', '2026-03-16 11:34:34'),
(8837, 45, 2, '2026-03-22', '15:00:00', '2026-03-16 11:34:34'),
(8838, 45, 1, '2026-03-22', '21:30:00', '2026-03-16 11:34:34'),
(8839, 94, 1, '2026-03-22', '17:00:00', '2026-03-16 11:34:34'),
(8840, 94, 2, '2026-03-22', '18:00:00', '2026-03-16 11:34:34'),
(8841, 94, 1, '2026-03-22', '16:00:00', '2026-03-16 11:34:34'),
(8842, 94, 2, '2026-03-22', '14:00:00', '2026-03-16 11:34:34'),
(8843, 102, 1, '2026-03-22', '11:00:00', '2026-03-16 11:34:34'),
(8844, 102, 2, '2026-03-22', '21:00:00', '2026-03-16 11:34:34'),
(8845, 102, 1, '2026-03-22', '19:00:00', '2026-03-16 11:34:34'),
(8846, 102, 2, '2026-03-22', '16:30:00', '2026-03-16 11:34:34'),
(8847, 102, 1, '2026-03-22', '21:00:00', '2026-03-16 11:34:34'),
(8848, 11, 1, '2026-03-23', '14:30:00', '2026-03-16 11:34:34'),
(8849, 11, 2, '2026-03-23', '12:00:00', '2026-03-16 11:34:34'),
(8850, 11, 1, '2026-03-23', '12:30:00', '2026-03-16 11:34:34'),
(8851, 11, 2, '2026-03-23', '22:30:00', '2026-03-16 11:34:34'),
(8852, 37, 1, '2026-03-23', '22:00:00', '2026-03-16 11:34:34'),
(8853, 37, 2, '2026-03-23', '11:00:00', '2026-03-16 11:34:34'),
(8854, 37, 1, '2026-03-23', '16:00:00', '2026-03-16 11:34:34'),
(8855, 37, 2, '2026-03-23', '16:30:00', '2026-03-16 11:34:34'),
(8856, 37, 1, '2026-03-23', '13:30:00', '2026-03-16 11:34:34'),
(8857, 66, 1, '2026-03-23', '11:30:00', '2026-03-16 11:34:34'),
(8858, 66, 2, '2026-03-23', '10:30:00', '2026-03-16 11:34:34'),
(8859, 66, 1, '2026-03-23', '23:00:00', '2026-03-16 11:34:34'),
(8860, 66, 2, '2026-03-23', '15:00:00', '2026-03-16 11:34:34'),
(8861, 85, 1, '2026-03-23', '20:00:00', '2026-03-16 11:34:34'),
(8862, 85, 2, '2026-03-23', '17:00:00', '2026-03-16 11:34:34'),
(8863, 85, 1, '2026-03-23', '17:00:00', '2026-03-16 11:34:34'),
(8864, 85, 2, '2026-03-23', '14:00:00', '2026-03-16 11:34:34'),
(8865, 82, 1, '2026-03-23', '14:00:00', '2026-03-16 11:34:34'),
(8866, 82, 2, '2026-03-23', '13:30:00', '2026-03-16 11:34:34'),
(8867, 82, 1, '2026-03-23', '12:00:00', '2026-03-16 11:34:34'),
(8868, 82, 2, '2026-03-23', '22:00:00', '2026-03-16 11:34:34'),
(8869, 80, 1, '2026-03-23', '19:30:00', '2026-03-16 11:34:34'),
(8870, 80, 2, '2026-03-23', '15:30:00', '2026-03-16 11:34:34'),
(8871, 80, 1, '2026-03-23', '23:30:00', '2026-03-16 11:34:34'),
(8872, 80, 2, '2026-03-23', '17:30:00', '2026-03-16 11:34:34'),
(8873, 43, 1, '2026-03-23', '19:00:00', '2026-03-16 11:34:34'),
(8874, 43, 2, '2026-03-23', '21:00:00', '2026-03-16 11:34:34'),
(8875, 43, 1, '2026-03-23', '17:30:00', '2026-03-16 11:34:34'),
(8876, 43, 2, '2026-03-23', '13:00:00', '2026-03-16 11:34:34'),
(8877, 12, 1, '2026-03-23', '21:30:00', '2026-03-16 11:34:34'),
(8878, 12, 2, '2026-03-23', '11:30:00', '2026-03-16 11:34:34'),
(8879, 12, 1, '2026-03-23', '15:00:00', '2026-03-16 11:34:34'),
(8880, 12, 2, '2026-03-23', '18:00:00', '2026-03-16 11:34:34'),
(8881, 57, 1, '2026-03-24', '21:00:00', '2026-03-16 11:34:34'),
(8882, 57, 2, '2026-03-24', '10:30:00', '2026-03-16 11:34:34'),
(8883, 57, 1, '2026-03-24', '18:30:00', '2026-03-16 11:34:34'),
(8884, 57, 2, '2026-03-24', '10:00:00', '2026-03-16 11:34:34'),
(8885, 57, 1, '2026-03-24', '18:00:00', '2026-03-16 11:34:34'),
(8886, 10, 1, '2026-03-24', '14:00:00', '2026-03-16 11:34:34'),
(8887, 10, 2, '2026-03-24', '20:00:00', '2026-03-16 11:34:34'),
(8888, 10, 1, '2026-03-24', '12:00:00', '2026-03-16 11:34:34'),
(8889, 10, 2, '2026-03-24', '14:30:00', '2026-03-16 11:34:34'),
(8890, 92, 1, '2026-03-24', '12:30:00', '2026-03-16 11:34:34'),
(8891, 92, 2, '2026-03-24', '15:30:00', '2026-03-16 11:34:34'),
(8892, 92, 1, '2026-03-24', '14:30:00', '2026-03-16 11:34:34'),
(8893, 92, 2, '2026-03-24', '12:30:00', '2026-03-16 11:34:34'),
(8894, 37, 1, '2026-03-24', '21:30:00', '2026-03-16 11:34:34'),
(8895, 37, 2, '2026-03-24', '13:00:00', '2026-03-16 11:34:34'),
(8896, 37, 1, '2026-03-24', '11:30:00', '2026-03-16 11:34:34'),
(8897, 37, 2, '2026-03-24', '23:00:00', '2026-03-16 11:34:34'),
(8898, 31, 1, '2026-03-24', '23:00:00', '2026-03-16 11:34:34'),
(8899, 31, 2, '2026-03-24', '22:00:00', '2026-03-16 11:34:34'),
(8900, 31, 1, '2026-03-24', '10:30:00', '2026-03-16 11:34:34'),
(8901, 31, 2, '2026-03-24', '19:00:00', '2026-03-16 11:34:34'),
(8902, 35, 1, '2026-03-24', '10:00:00', '2026-03-16 11:34:34'),
(8903, 35, 2, '2026-03-24', '16:00:00', '2026-03-16 11:34:34'),
(8904, 35, 1, '2026-03-24', '15:30:00', '2026-03-16 11:34:34'),
(8905, 35, 2, '2026-03-24', '11:00:00', '2026-03-16 11:34:34'),
(8906, 35, 1, '2026-03-24', '15:00:00', '2026-03-16 11:34:34'),
(8907, 43, 1, '2026-03-24', '22:30:00', '2026-03-16 11:34:34'),
(8908, 43, 2, '2026-03-24', '13:30:00', '2026-03-16 11:34:34'),
(8909, 43, 1, '2026-03-24', '13:30:00', '2026-03-16 11:34:34'),
(8910, 43, 2, '2026-03-24', '14:00:00', '2026-03-16 11:34:34'),
(8911, 28, 1, '2026-03-25', '12:00:00', '2026-03-16 11:34:34'),
(8912, 28, 2, '2026-03-25', '19:00:00', '2026-03-16 11:34:34'),
(8913, 28, 1, '2026-03-25', '14:00:00', '2026-03-16 11:34:34'),
(8914, 28, 2, '2026-03-25', '11:00:00', '2026-03-16 11:34:34'),
(8915, 28, 1, '2026-03-25', '19:00:00', '2026-03-16 11:34:34'),
(8916, 59, 1, '2026-03-25', '11:30:00', '2026-03-16 11:34:34'),
(8917, 59, 2, '2026-03-25', '18:00:00', '2026-03-16 11:34:34'),
(8918, 59, 1, '2026-03-25', '12:30:00', '2026-03-16 11:34:34'),
(8919, 59, 2, '2026-03-25', '15:30:00', '2026-03-16 11:34:34'),
(8920, 59, 1, '2026-03-25', '22:30:00', '2026-03-16 11:34:34'),
(8921, 42, 1, '2026-03-25', '23:30:00', '2026-03-16 11:34:34'),
(8922, 42, 2, '2026-03-25', '23:00:00', '2026-03-16 11:34:34'),
(8923, 42, 1, '2026-03-25', '13:30:00', '2026-03-16 11:34:34'),
(8924, 42, 2, '2026-03-25', '11:30:00', '2026-03-16 11:34:34'),
(8925, 44, 1, '2026-03-25', '20:30:00', '2026-03-16 11:34:34'),
(8926, 44, 2, '2026-03-25', '22:30:00', '2026-03-16 11:34:34'),
(8927, 44, 1, '2026-03-25', '18:00:00', '2026-03-16 11:34:34'),
(8928, 44, 2, '2026-03-25', '22:00:00', '2026-03-16 11:34:34'),
(8929, 44, 1, '2026-03-25', '10:00:00', '2026-03-16 11:34:34'),
(8930, 98, 1, '2026-03-25', '15:30:00', '2026-03-16 11:34:34'),
(8931, 98, 2, '2026-03-25', '10:30:00', '2026-03-16 11:34:34'),
(8932, 98, 1, '2026-03-25', '14:30:00', '2026-03-16 11:34:34'),
(8933, 98, 2, '2026-03-25', '21:30:00', '2026-03-16 11:34:34'),
(8934, 49, 1, '2026-03-25', '17:30:00', '2026-03-16 11:34:34'),
(8935, 49, 2, '2026-03-25', '20:00:00', '2026-03-16 11:34:34'),
(8936, 49, 1, '2026-03-25', '20:00:00', '2026-03-16 11:34:34'),
(8937, 49, 2, '2026-03-25', '19:30:00', '2026-03-16 11:34:34'),
(8938, 36, 1, '2026-03-25', '16:00:00', '2026-03-16 11:34:34'),
(8939, 36, 2, '2026-03-25', '14:30:00', '2026-03-16 11:34:34'),
(8940, 36, 1, '2026-03-25', '19:30:00', '2026-03-16 11:34:34'),
(8941, 36, 2, '2026-03-25', '13:00:00', '2026-03-16 11:34:34'),
(8942, 36, 1, '2026-03-25', '23:00:00', '2026-03-16 11:34:34'),
(8943, 14, 1, '2026-03-26', '22:30:00', '2026-03-16 11:34:34'),
(8944, 14, 2, '2026-03-26', '18:00:00', '2026-03-16 11:34:34'),
(8945, 14, 1, '2026-03-26', '19:30:00', '2026-03-16 11:34:34'),
(8946, 14, 2, '2026-03-26', '15:30:00', '2026-03-16 11:34:34'),
(8947, 56, 1, '2026-03-26', '16:30:00', '2026-03-16 11:34:34'),
(8948, 56, 2, '2026-03-26', '12:00:00', '2026-03-16 11:34:34'),
(8949, 56, 1, '2026-03-26', '19:00:00', '2026-03-16 11:34:34'),
(8950, 56, 2, '2026-03-26', '18:30:00', '2026-03-16 11:34:34'),
(8951, 56, 1, '2026-03-26', '15:30:00', '2026-03-16 11:34:34'),
(8952, 47, 1, '2026-03-26', '14:00:00', '2026-03-16 11:34:34'),
(8953, 47, 2, '2026-03-26', '17:00:00', '2026-03-16 11:34:34'),
(8954, 47, 1, '2026-03-26', '16:00:00', '2026-03-16 11:34:34'),
(8955, 47, 2, '2026-03-26', '21:30:00', '2026-03-16 11:34:34'),
(8956, 82, 1, '2026-03-26', '12:30:00', '2026-03-16 11:34:34'),
(8957, 82, 2, '2026-03-26', '14:00:00', '2026-03-16 11:34:34'),
(8958, 82, 1, '2026-03-26', '17:30:00', '2026-03-16 11:34:34'),
(8959, 82, 2, '2026-03-26', '19:30:00', '2026-03-16 11:34:34'),
(8960, 82, 1, '2026-03-26', '17:00:00', '2026-03-16 11:34:34'),
(8961, 108, 1, '2026-03-26', '11:30:00', '2026-03-16 11:34:34'),
(8962, 108, 2, '2026-03-26', '12:30:00', '2026-03-16 11:34:34'),
(8963, 108, 1, '2026-03-26', '14:30:00', '2026-03-16 11:34:34'),
(8964, 108, 2, '2026-03-26', '22:30:00', '2026-03-16 11:34:34'),
(8965, 108, 1, '2026-03-26', '21:00:00', '2026-03-16 11:34:34'),
(8966, 59, 1, '2026-03-26', '15:00:00', '2026-03-16 11:34:34'),
(8967, 59, 2, '2026-03-26', '20:00:00', '2026-03-16 11:34:34'),
(8968, 59, 1, '2026-03-26', '18:00:00', '2026-03-16 11:34:34'),
(8969, 59, 2, '2026-03-26', '10:30:00', '2026-03-16 11:34:34'),
(8970, 59, 1, '2026-03-26', '18:30:00', '2026-03-16 11:34:34'),
(8971, 91, 1, '2026-03-26', '21:30:00', '2026-03-16 11:34:34'),
(8972, 91, 2, '2026-03-26', '17:30:00', '2026-03-16 11:34:34'),
(8973, 91, 1, '2026-03-26', '12:00:00', '2026-03-16 11:34:34'),
(8974, 91, 2, '2026-03-26', '15:00:00', '2026-03-16 11:34:34'),
(8975, 91, 1, '2026-03-26', '20:30:00', '2026-03-16 11:34:34'),
(8976, 90, 1, '2026-03-27', '10:30:00', '2026-03-16 11:34:34'),
(8977, 90, 2, '2026-03-27', '20:00:00', '2026-03-16 11:34:34'),
(8978, 90, 1, '2026-03-27', '18:30:00', '2026-03-16 11:34:34'),
(8979, 90, 2, '2026-03-27', '23:30:00', '2026-03-16 11:34:34'),
(8980, 59, 1, '2026-03-27', '14:30:00', '2026-03-16 11:34:34'),
(8981, 59, 2, '2026-03-27', '14:00:00', '2026-03-16 11:34:34'),
(8982, 59, 1, '2026-03-27', '20:00:00', '2026-03-16 11:34:34'),
(8983, 59, 2, '2026-03-27', '15:00:00', '2026-03-16 11:34:34'),
(8984, 59, 1, '2026-03-27', '17:30:00', '2026-03-16 11:34:34'),
(8985, 35, 1, '2026-03-27', '13:00:00', '2026-03-16 11:34:34'),
(8986, 35, 2, '2026-03-27', '22:30:00', '2026-03-16 11:34:34'),
(8987, 35, 1, '2026-03-27', '15:30:00', '2026-03-16 11:34:34'),
(8988, 35, 2, '2026-03-27', '15:30:00', '2026-03-16 11:34:34'),
(8989, 40, 1, '2026-03-27', '12:00:00', '2026-03-16 11:34:34'),
(8990, 40, 2, '2026-03-27', '14:30:00', '2026-03-16 11:34:34'),
(8991, 40, 1, '2026-03-27', '18:00:00', '2026-03-16 11:34:34'),
(8992, 40, 2, '2026-03-27', '19:30:00', '2026-03-16 11:34:34'),
(8993, 33, 1, '2026-03-27', '11:30:00', '2026-03-16 11:34:34'),
(8994, 33, 2, '2026-03-27', '12:30:00', '2026-03-16 11:34:34'),
(8995, 33, 1, '2026-03-27', '16:30:00', '2026-03-16 11:34:34'),
(8996, 33, 2, '2026-03-27', '21:00:00', '2026-03-16 11:34:34'),
(8997, 30, 1, '2026-03-27', '20:30:00', '2026-03-16 11:34:34'),
(8998, 30, 2, '2026-03-27', '16:00:00', '2026-03-16 11:34:34'),
(8999, 30, 1, '2026-03-27', '12:30:00', '2026-03-16 11:34:34'),
(9000, 30, 2, '2026-03-27', '23:00:00', '2026-03-16 11:34:34'),
(9001, 16, 1, '2026-03-27', '22:30:00', '2026-03-16 11:34:34'),
(9002, 16, 2, '2026-03-27', '11:30:00', '2026-03-16 11:34:34'),
(9003, 16, 1, '2026-03-27', '10:00:00', '2026-03-16 11:34:34'),
(9004, 16, 2, '2026-03-27', '12:00:00', '2026-03-16 11:34:34'),
(9005, 16, 1, '2026-03-27', '23:30:00', '2026-03-16 11:34:34'),
(9006, 98, 1, '2026-03-28', '21:00:00', '2026-03-16 11:34:34'),
(9007, 98, 2, '2026-03-28', '16:30:00', '2026-03-16 11:34:34'),
(9008, 98, 1, '2026-03-28', '17:30:00', '2026-03-16 11:34:34'),
(9009, 98, 2, '2026-03-28', '20:30:00', '2026-03-16 11:34:34'),
(9010, 98, 1, '2026-03-28', '18:30:00', '2026-03-16 11:34:34'),
(9011, 54, 1, '2026-03-28', '20:00:00', '2026-03-16 11:34:34'),
(9012, 54, 2, '2026-03-28', '18:30:00', '2026-03-16 11:34:34'),
(9013, 54, 1, '2026-03-28', '10:30:00', '2026-03-16 11:34:34'),
(9014, 54, 2, '2026-03-28', '23:30:00', '2026-03-16 11:34:34'),
(9015, 54, 1, '2026-03-28', '15:00:00', '2026-03-16 11:34:34'),
(9016, 78, 1, '2026-03-28', '22:30:00', '2026-03-16 11:34:34'),
(9017, 78, 2, '2026-03-28', '21:30:00', '2026-03-16 11:34:34'),
(9018, 78, 1, '2026-03-28', '16:00:00', '2026-03-16 11:34:34'),
(9019, 78, 2, '2026-03-28', '12:00:00', '2026-03-16 11:34:34'),
(9020, 78, 1, '2026-03-28', '16:30:00', '2026-03-16 11:34:34'),
(9021, 77, 1, '2026-03-28', '17:00:00', '2026-03-16 11:34:34'),
(9022, 77, 2, '2026-03-28', '13:00:00', '2026-03-16 11:34:34'),
(9023, 77, 1, '2026-03-28', '11:00:00', '2026-03-16 11:34:34'),
(9024, 77, 2, '2026-03-28', '19:30:00', '2026-03-16 11:34:34'),
(9025, 77, 1, '2026-03-28', '23:30:00', '2026-03-16 11:34:34'),
(9026, 103, 1, '2026-03-28', '23:00:00', '2026-03-16 11:34:34'),
(9027, 103, 2, '2026-03-28', '18:00:00', '2026-03-16 11:34:34'),
(9028, 103, 1, '2026-03-28', '10:00:00', '2026-03-16 11:34:34'),
(9029, 103, 2, '2026-03-28', '10:00:00', '2026-03-16 11:34:34'),
(9030, 103, 1, '2026-03-28', '12:00:00', '2026-03-16 11:34:34'),
(9031, 80, 1, '2026-03-28', '12:30:00', '2026-03-16 11:34:34'),
(9032, 80, 2, '2026-03-28', '15:30:00', '2026-03-16 11:34:34'),
(9033, 80, 1, '2026-03-28', '15:30:00', '2026-03-16 11:34:34'),
(9034, 80, 2, '2026-03-28', '21:00:00', '2026-03-16 11:34:34'),
(9035, 80, 1, '2026-03-28', '13:30:00', '2026-03-16 11:34:34'),
(9036, 29, 1, '2026-03-28', '20:30:00', '2026-03-16 11:34:34'),
(9037, 29, 2, '2026-03-28', '23:00:00', '2026-03-16 11:34:34'),
(9038, 29, 1, '2026-03-28', '13:00:00', '2026-03-16 11:34:34'),
(9039, 29, 2, '2026-03-28', '20:00:00', '2026-03-16 11:34:34'),
(9040, 101, 1, '2026-03-28', '11:30:00', '2026-03-16 11:34:34'),
(9041, 101, 2, '2026-03-28', '13:30:00', '2026-03-16 11:34:34'),
(9042, 101, 1, '2026-03-28', '14:30:00', '2026-03-16 11:34:34'),
(9043, 101, 2, '2026-03-28', '16:00:00', '2026-03-16 11:34:34'),
(9044, 11, 1, '2026-03-29', '16:30:00', '2026-03-16 11:34:34'),
(9045, 11, 2, '2026-03-29', '21:00:00', '2026-03-16 11:34:34'),
(9046, 11, 1, '2026-03-29', '21:30:00', '2026-03-16 11:34:34'),
(9047, 11, 2, '2026-03-29', '17:30:00', '2026-03-16 11:34:34'),
(9048, 11, 1, '2026-03-29', '15:00:00', '2026-03-16 11:34:34'),
(9049, 77, 1, '2026-03-29', '11:30:00', '2026-03-16 11:34:34'),
(9050, 77, 2, '2026-03-29', '16:00:00', '2026-03-16 11:34:34'),
(9051, 77, 1, '2026-03-29', '17:30:00', '2026-03-16 11:34:34'),
(9052, 77, 2, '2026-03-29', '12:30:00', '2026-03-16 11:34:34'),
(9053, 6, 1, '2026-03-29', '18:00:00', '2026-03-16 11:34:34'),
(9054, 6, 2, '2026-03-29', '15:00:00', '2026-03-16 11:34:34'),
(9055, 6, 1, '2026-03-29', '10:30:00', '2026-03-16 11:34:34'),
(9056, 6, 2, '2026-03-29', '19:30:00', '2026-03-16 11:34:34'),
(9057, 56, 1, '2026-03-29', '17:00:00', '2026-03-16 11:34:34'),
(9058, 56, 2, '2026-03-29', '15:30:00', '2026-03-16 11:34:34'),
(9059, 56, 1, '2026-03-29', '12:00:00', '2026-03-16 11:34:34'),
(9060, 56, 2, '2026-03-29', '21:30:00', '2026-03-16 11:34:34'),
(9061, 95, 1, '2026-03-29', '16:00:00', '2026-03-16 11:34:34'),
(9062, 95, 2, '2026-03-29', '14:30:00', '2026-03-16 11:34:34'),
(9063, 95, 1, '2026-03-29', '14:30:00', '2026-03-16 11:34:34'),
(9064, 95, 2, '2026-03-29', '18:00:00', '2026-03-16 11:34:34'),
(9065, 42, 1, '2026-03-29', '15:30:00', '2026-03-16 11:34:34'),
(9066, 42, 2, '2026-03-29', '17:00:00', '2026-03-16 11:34:34'),
(9067, 42, 1, '2026-03-29', '19:30:00', '2026-03-16 11:34:34'),
(9068, 42, 2, '2026-03-29', '10:00:00', '2026-03-16 11:34:34'),
(9069, 42, 1, '2026-03-29', '23:30:00', '2026-03-16 11:34:34'),
(9070, 78, 1, '2026-03-29', '10:00:00', '2026-03-16 11:34:34'),
(9071, 78, 2, '2026-03-29', '10:30:00', '2026-03-16 11:34:34'),
(9072, 78, 1, '2026-03-29', '19:00:00', '2026-03-16 11:34:34'),
(9073, 78, 2, '2026-03-29', '11:00:00', '2026-03-16 11:34:34'),
(9074, 17, 1, '2026-03-30', '10:00:00', '2026-03-16 11:34:34'),
(9075, 17, 2, '2026-03-30', '21:00:00', '2026-03-16 11:34:34'),
(9076, 17, 1, '2026-03-30', '14:30:00', '2026-03-16 11:34:34'),
(9077, 17, 2, '2026-03-30', '23:30:00', '2026-03-16 11:34:34'),
(9078, 37, 1, '2026-03-30', '12:00:00', '2026-03-16 11:34:34'),
(9079, 37, 2, '2026-03-30', '21:30:00', '2026-03-16 11:34:34'),
(9080, 37, 1, '2026-03-30', '21:00:00', '2026-03-16 11:34:34'),
(9081, 37, 2, '2026-03-30', '14:30:00', '2026-03-16 11:34:34'),
(9082, 57, 1, '2026-03-30', '16:00:00', '2026-03-16 11:34:34'),
(9083, 57, 2, '2026-03-30', '15:30:00', '2026-03-16 11:34:34'),
(9084, 57, 1, '2026-03-30', '20:30:00', '2026-03-16 11:34:34'),
(9085, 57, 2, '2026-03-30', '22:30:00', '2026-03-16 11:34:34'),
(9086, 57, 1, '2026-03-30', '11:30:00', '2026-03-16 11:34:34'),
(9087, 90, 1, '2026-03-30', '15:00:00', '2026-03-16 11:34:34'),
(9088, 90, 2, '2026-03-30', '12:00:00', '2026-03-16 11:34:34'),
(9089, 90, 1, '2026-03-30', '21:30:00', '2026-03-16 11:34:34'),
(9090, 90, 2, '2026-03-30', '12:30:00', '2026-03-16 11:34:34'),
(9091, 63, 1, '2026-03-30', '10:30:00', '2026-03-16 11:34:34'),
(9092, 63, 2, '2026-03-30', '19:00:00', '2026-03-16 11:34:34'),
(9093, 63, 1, '2026-03-30', '15:30:00', '2026-03-16 11:34:34'),
(9094, 63, 2, '2026-03-30', '17:30:00', '2026-03-16 11:34:34'),
(9095, 63, 1, '2026-03-30', '18:30:00', '2026-03-16 11:34:34'),
(9096, 16, 1, '2026-03-30', '13:00:00', '2026-03-16 11:34:34'),
(9097, 16, 2, '2026-03-30', '13:00:00', '2026-03-16 11:34:34'),
(9098, 16, 1, '2026-03-30', '19:30:00', '2026-03-16 11:34:34'),
(9099, 16, 2, '2026-03-30', '13:30:00', '2026-03-16 11:34:34'),
(9100, 4, 1, '2026-03-30', '13:30:00', '2026-03-16 11:34:34'),
(9101, 4, 2, '2026-03-30', '20:00:00', '2026-03-16 11:34:34'),
(9102, 4, 1, '2026-03-30', '11:00:00', '2026-03-16 11:34:34'),
(9103, 4, 2, '2026-03-30', '16:30:00', '2026-03-16 11:34:34'),
(9104, 81, 1, '2026-03-30', '23:00:00', '2026-03-16 11:34:34'),
(9105, 81, 2, '2026-03-30', '19:30:00', '2026-03-16 11:34:34'),
(9106, 81, 1, '2026-03-30', '16:30:00', '2026-03-16 11:34:34'),
(9107, 81, 2, '2026-03-30', '10:00:00', '2026-03-16 11:34:34'),
(9108, 41, 1, '2026-03-31', '12:30:00', '2026-03-16 11:34:34'),
(9109, 41, 2, '2026-03-31', '11:00:00', '2026-03-16 11:34:34'),
(9110, 41, 1, '2026-03-31', '22:00:00', '2026-03-16 11:34:34'),
(9111, 41, 2, '2026-03-31', '15:00:00', '2026-03-16 11:34:34'),
(9112, 41, 1, '2026-03-31', '10:30:00', '2026-03-16 11:34:34'),
(9113, 96, 1, '2026-03-31', '15:00:00', '2026-03-16 11:34:34'),
(9114, 96, 2, '2026-03-31', '23:30:00', '2026-03-16 11:34:34'),
(9115, 96, 1, '2026-03-31', '23:30:00', '2026-03-16 11:34:34'),
(9116, 96, 2, '2026-03-31', '22:00:00', '2026-03-16 11:34:34'),
(9117, 61, 1, '2026-03-31', '10:00:00', '2026-03-16 11:34:34'),
(9118, 61, 2, '2026-03-31', '19:30:00', '2026-03-16 11:34:34'),
(9119, 61, 1, '2026-03-31', '15:30:00', '2026-03-16 11:34:34'),
(9120, 61, 2, '2026-03-31', '10:30:00', '2026-03-16 11:34:34'),
(9121, 61, 1, '2026-03-31', '16:00:00', '2026-03-16 11:34:34'),
(9122, 91, 1, '2026-03-31', '19:00:00', '2026-03-16 11:34:34'),
(9123, 91, 2, '2026-03-31', '18:00:00', '2026-03-16 11:34:34'),
(9124, 91, 1, '2026-03-31', '20:30:00', '2026-03-16 11:34:34'),
(9125, 91, 2, '2026-03-31', '11:30:00', '2026-03-16 11:34:34'),
(9126, 105, 1, '2026-03-31', '23:00:00', '2026-03-16 11:34:34'),
(9127, 105, 2, '2026-03-31', '20:30:00', '2026-03-16 11:34:34'),
(9128, 105, 1, '2026-03-31', '13:00:00', '2026-03-16 11:34:34'),
(9129, 105, 2, '2026-03-31', '13:30:00', '2026-03-16 11:34:34'),
(9130, 49, 1, '2026-03-31', '11:00:00', '2026-03-16 11:34:34'),
(9131, 49, 2, '2026-03-31', '13:00:00', '2026-03-16 11:34:34'),
(9132, 49, 1, '2026-03-31', '19:30:00', '2026-03-16 11:34:34'),
(9133, 49, 2, '2026-03-31', '16:30:00', '2026-03-16 11:34:34'),
(9134, 49, 1, '2026-03-31', '22:30:00', '2026-03-16 11:34:34'),
(9135, 23, 1, '2026-04-01', '19:30:00', '2026-03-16 11:34:34'),
(9136, 23, 2, '2026-04-01', '14:00:00', '2026-03-16 11:34:34'),
(9137, 23, 1, '2026-04-01', '19:00:00', '2026-03-16 11:34:34'),
(9138, 23, 2, '2026-04-01', '15:30:00', '2026-03-16 11:34:34'),
(9139, 11, 1, '2026-04-01', '13:30:00', '2026-03-16 11:34:34'),
(9140, 11, 2, '2026-04-01', '21:00:00', '2026-03-16 11:34:34'),
(9141, 11, 1, '2026-04-01', '20:30:00', '2026-03-16 11:34:34'),
(9142, 11, 2, '2026-04-01', '19:30:00', '2026-03-16 11:34:34'),
(9143, 11, 1, '2026-04-01', '22:00:00', '2026-03-16 11:34:34'),
(9144, 79, 1, '2026-04-01', '21:30:00', '2026-03-16 11:34:34'),
(9145, 79, 2, '2026-04-01', '15:00:00', '2026-03-16 11:34:34'),
(9146, 79, 1, '2026-04-01', '18:30:00', '2026-03-16 11:34:34'),
(9147, 79, 2, '2026-04-01', '21:30:00', '2026-03-16 11:34:34'),
(9148, 49, 1, '2026-04-01', '16:00:00', '2026-03-16 11:34:34'),
(9149, 49, 2, '2026-04-01', '10:30:00', '2026-03-16 11:34:34'),
(9150, 49, 1, '2026-04-01', '21:00:00', '2026-03-16 11:34:34'),
(9151, 49, 2, '2026-04-01', '13:00:00', '2026-03-16 11:34:34'),
(9152, 80, 1, '2026-04-01', '10:30:00', '2026-03-16 11:34:34'),
(9153, 80, 2, '2026-04-01', '18:00:00', '2026-03-16 11:34:34'),
(9154, 80, 1, '2026-04-01', '15:00:00', '2026-03-16 11:34:34'),
(9155, 80, 2, '2026-04-01', '22:30:00', '2026-03-16 11:34:34'),
(9156, 80, 1, '2026-04-01', '13:00:00', '2026-03-16 11:34:34'),
(9157, 88, 1, '2026-04-01', '15:30:00', '2026-03-16 11:34:34'),
(9158, 88, 2, '2026-04-01', '12:00:00', '2026-03-16 11:34:34'),
(9159, 88, 1, '2026-04-01', '14:30:00', '2026-03-16 11:34:34'),
(9160, 88, 2, '2026-04-01', '19:00:00', '2026-03-16 11:34:34'),
(9161, 88, 1, '2026-04-01', '12:30:00', '2026-03-16 11:34:34'),
(9162, 102, 1, '2026-04-02', '17:30:00', '2026-03-16 11:34:34'),
(9163, 102, 2, '2026-04-02', '13:30:00', '2026-03-16 11:34:34'),
(9164, 102, 1, '2026-04-02', '19:00:00', '2026-03-16 11:34:34'),
(9165, 102, 2, '2026-04-02', '20:00:00', '2026-03-16 11:34:34'),
(9166, 57, 1, '2026-04-02', '19:30:00', '2026-03-16 11:34:34'),
(9167, 57, 2, '2026-04-02', '11:00:00', '2026-03-16 11:34:34'),
(9168, 57, 1, '2026-04-02', '10:30:00', '2026-03-16 11:34:34'),
(9169, 57, 2, '2026-04-02', '19:30:00', '2026-03-16 11:34:34'),
(9170, 57, 1, '2026-04-02', '22:00:00', '2026-03-16 11:34:34'),
(9171, 5, 1, '2026-04-02', '23:00:00', '2026-03-16 11:34:34'),
(9172, 5, 2, '2026-04-02', '18:30:00', '2026-03-16 11:34:34'),
(9173, 5, 1, '2026-04-02', '20:00:00', '2026-03-16 11:34:34'),
(9174, 5, 2, '2026-04-02', '13:00:00', '2026-03-16 11:34:34'),
(9175, 5, 1, '2026-04-02', '16:30:00', '2026-03-16 11:34:34'),
(9176, 75, 1, '2026-04-02', '11:30:00', '2026-03-16 11:34:34'),
(9177, 75, 2, '2026-04-02', '15:00:00', '2026-03-16 11:34:34'),
(9178, 75, 1, '2026-04-02', '16:00:00', '2026-03-16 11:34:34'),
(9179, 75, 2, '2026-04-02', '12:00:00', '2026-03-16 11:34:34'),
(9180, 75, 1, '2026-04-02', '13:30:00', '2026-03-16 11:34:34'),
(9181, 47, 1, '2026-04-02', '12:00:00', '2026-03-16 11:34:34'),
(9182, 47, 2, '2026-04-02', '15:30:00', '2026-03-16 11:34:34'),
(9183, 47, 1, '2026-04-02', '18:00:00', '2026-03-16 11:34:34'),
(9184, 47, 2, '2026-04-02', '16:30:00', '2026-03-16 11:34:34'),
(9185, 94, 1, '2026-04-02', '13:00:00', '2026-03-16 11:34:34'),
(9186, 94, 2, '2026-04-02', '12:30:00', '2026-03-16 11:34:34'),
(9187, 94, 1, '2026-04-02', '15:00:00', '2026-03-16 11:34:34'),
(9188, 94, 2, '2026-04-02', '18:00:00', '2026-03-16 11:34:34'),
(9189, 17, 1, '2026-04-02', '21:00:00', '2026-03-16 11:34:34'),
(9190, 17, 2, '2026-04-02', '11:30:00', '2026-03-16 11:34:34'),
(9191, 17, 1, '2026-04-02', '15:30:00', '2026-03-16 11:34:34'),
(9192, 17, 2, '2026-04-02', '17:00:00', '2026-03-16 11:34:34'),
(9193, 64, 1, '2026-04-03', '19:30:00', '2026-03-16 11:34:34'),
(9194, 64, 2, '2026-04-03', '13:00:00', '2026-03-16 11:34:34'),
(9195, 64, 1, '2026-04-03', '12:00:00', '2026-03-16 11:34:34'),
(9196, 64, 2, '2026-04-03', '11:00:00', '2026-03-16 11:34:34'),
(9197, 64, 1, '2026-04-03', '13:30:00', '2026-03-16 11:34:34'),
(9198, 15, 1, '2026-04-03', '16:30:00', '2026-03-16 11:34:34'),
(9199, 15, 2, '2026-04-03', '16:30:00', '2026-03-16 11:34:34'),
(9200, 15, 1, '2026-04-03', '19:00:00', '2026-03-16 11:34:34'),
(9201, 15, 2, '2026-04-03', '19:30:00', '2026-03-16 11:34:34'),
(9202, 15, 1, '2026-04-03', '23:30:00', '2026-03-16 11:34:34'),
(9203, 13, 1, '2026-04-03', '10:00:00', '2026-03-16 11:34:34'),
(9204, 13, 2, '2026-04-03', '18:00:00', '2026-03-16 11:34:34'),
(9205, 13, 1, '2026-04-03', '20:30:00', '2026-03-16 11:34:34'),
(9206, 13, 2, '2026-04-03', '15:00:00', '2026-03-16 11:34:34'),
(9207, 13, 1, '2026-04-03', '20:00:00', '2026-03-16 11:34:34'),
(9208, 31, 1, '2026-04-03', '13:00:00', '2026-03-16 11:34:34'),
(9209, 31, 2, '2026-04-03', '20:00:00', '2026-03-16 11:34:34'),
(9210, 31, 1, '2026-04-03', '23:00:00', '2026-03-16 11:34:34'),
(9211, 31, 2, '2026-04-03', '12:00:00', '2026-03-16 11:34:34'),
(9212, 69, 1, '2026-04-03', '21:30:00', '2026-03-16 11:34:34'),
(9213, 69, 2, '2026-04-03', '18:30:00', '2026-03-16 11:34:34'),
(9214, 69, 1, '2026-04-03', '16:00:00', '2026-03-16 11:34:34'),
(9215, 69, 2, '2026-04-03', '10:30:00', '2026-03-16 11:34:34'),
(9216, 69, 1, '2026-04-03', '11:00:00', '2026-03-16 11:34:34'),
(9217, 18, 1, '2026-04-03', '10:30:00', '2026-03-16 11:34:34'),
(9218, 18, 2, '2026-04-03', '22:00:00', '2026-03-16 11:34:34'),
(9219, 18, 1, '2026-04-03', '17:00:00', '2026-03-16 11:34:34'),
(9220, 18, 2, '2026-04-03', '23:30:00', '2026-03-16 11:34:34'),
(9221, 50, 1, '2026-04-03', '11:30:00', '2026-03-16 11:34:34'),
(9222, 50, 2, '2026-04-03', '12:30:00', '2026-03-16 11:34:34'),
(9223, 50, 1, '2026-04-03', '15:00:00', '2026-03-16 11:34:34'),
(9224, 50, 2, '2026-04-03', '21:00:00', '2026-03-16 11:34:34'),
(9225, 50, 1, '2026-04-03', '14:30:00', '2026-03-16 11:34:34'),
(9226, 2, 1, '2026-04-04', '16:00:00', '2026-03-16 11:34:34'),
(9227, 2, 2, '2026-04-04', '19:30:00', '2026-03-16 11:34:34'),
(9228, 2, 1, '2026-04-04', '14:30:00', '2026-03-16 11:34:34'),
(9229, 2, 2, '2026-04-04', '11:30:00', '2026-03-16 11:34:34'),
(9230, 2, 1, '2026-04-04', '11:00:00', '2026-03-16 11:34:34'),
(9231, 46, 1, '2026-04-04', '19:00:00', '2026-03-16 11:34:34'),
(9232, 46, 2, '2026-04-04', '12:30:00', '2026-03-16 11:34:34'),
(9233, 46, 1, '2026-04-04', '17:30:00', '2026-03-16 11:34:34'),
(9234, 46, 2, '2026-04-04', '17:30:00', '2026-03-16 11:34:34'),
(9235, 103, 1, '2026-04-04', '23:30:00', '2026-03-16 11:34:34'),
(9236, 103, 2, '2026-04-04', '23:30:00', '2026-03-16 11:34:34'),
(9237, 103, 1, '2026-04-04', '23:00:00', '2026-03-16 11:34:34'),
(9238, 103, 2, '2026-04-04', '18:00:00', '2026-03-16 11:34:34'),
(9239, 102, 1, '2026-04-04', '22:00:00', '2026-03-16 11:34:34'),
(9240, 102, 2, '2026-04-04', '15:30:00', '2026-03-16 11:34:34'),
(9241, 102, 1, '2026-04-04', '18:00:00', '2026-03-16 11:34:34'),
(9242, 102, 2, '2026-04-04', '14:00:00', '2026-03-16 11:34:34'),
(9243, 102, 1, '2026-04-04', '12:00:00', '2026-03-16 11:34:34'),
(9244, 31, 1, '2026-04-04', '20:30:00', '2026-03-16 11:34:34'),
(9245, 31, 2, '2026-04-04', '16:30:00', '2026-03-16 11:34:34'),
(9246, 31, 1, '2026-04-04', '10:00:00', '2026-03-16 11:34:34'),
(9247, 31, 2, '2026-04-04', '21:30:00', '2026-03-16 11:34:34'),
(9248, 76, 1, '2026-04-04', '12:30:00', '2026-03-16 11:34:34'),
(9249, 76, 2, '2026-04-04', '10:00:00', '2026-03-16 11:34:34'),
(9250, 76, 1, '2026-04-04', '15:00:00', '2026-03-16 11:34:34'),
(9251, 76, 2, '2026-04-04', '14:30:00', '2026-03-16 11:34:34'),
(9252, 53, 1, '2026-04-05', '10:30:00', '2026-03-16 11:34:34'),
(9253, 53, 2, '2026-04-05', '23:30:00', '2026-03-16 11:34:34'),
(9254, 53, 1, '2026-04-05', '13:00:00', '2026-03-16 11:34:34'),
(9255, 53, 2, '2026-04-05', '20:30:00', '2026-03-16 11:34:34'),
(9256, 44, 1, '2026-04-05', '21:00:00', '2026-03-16 11:34:34'),
(9257, 44, 2, '2026-04-05', '11:30:00', '2026-03-16 11:34:34'),
(9258, 44, 1, '2026-04-05', '19:00:00', '2026-03-16 11:34:34'),
(9259, 44, 2, '2026-04-05', '15:30:00', '2026-03-16 11:34:34'),
(9260, 44, 1, '2026-04-05', '12:30:00', '2026-03-16 11:34:34'),
(9261, 107, 1, '2026-04-05', '18:30:00', '2026-03-16 11:34:34'),
(9262, 107, 2, '2026-04-05', '10:00:00', '2026-03-16 11:34:34'),
(9263, 107, 1, '2026-04-05', '16:00:00', '2026-03-16 11:34:34'),
(9264, 107, 2, '2026-04-05', '12:30:00', '2026-03-16 11:34:34'),
(9265, 107, 1, '2026-04-05', '23:00:00', '2026-03-16 11:34:34'),
(9266, 59, 1, '2026-04-05', '20:30:00', '2026-03-16 11:34:34'),
(9267, 59, 2, '2026-04-05', '18:00:00', '2026-03-16 11:34:34'),
(9268, 59, 1, '2026-04-05', '12:00:00', '2026-03-16 11:34:34'),
(9269, 59, 2, '2026-04-05', '10:30:00', '2026-03-16 11:34:34'),
(9270, 59, 1, '2026-04-05', '14:00:00', '2026-03-16 11:34:34'),
(9271, 52, 1, '2026-04-05', '15:00:00', '2026-03-16 11:34:34'),
(9272, 52, 2, '2026-04-05', '13:00:00', '2026-03-16 11:34:34'),
(9273, 52, 1, '2026-04-05', '19:30:00', '2026-03-16 11:34:34'),
(9274, 52, 2, '2026-04-05', '22:30:00', '2026-03-16 11:34:34'),
(9275, 52, 1, '2026-04-05', '10:00:00', '2026-03-16 11:34:34'),
(9276, 54, 1, '2026-04-05', '14:30:00', '2026-03-16 11:34:34'),
(9277, 54, 2, '2026-04-05', '16:30:00', '2026-03-16 11:34:34'),
(9278, 54, 1, '2026-04-05', '13:30:00', '2026-03-16 11:34:34'),
(9279, 54, 2, '2026-04-05', '13:30:00', '2026-03-16 11:34:34'),
(9280, 54, 1, '2026-04-05', '20:00:00', '2026-03-16 11:34:34'),
(9281, 19, 1, '2026-04-06', '20:00:00', '2026-03-16 11:34:34'),
(9282, 19, 2, '2026-04-06', '12:30:00', '2026-03-16 11:34:34'),
(9283, 19, 1, '2026-04-06', '19:30:00', '2026-03-16 11:34:34'),
(9284, 19, 2, '2026-04-06', '19:30:00', '2026-03-16 11:34:34'),
(9285, 95, 1, '2026-04-06', '14:30:00', '2026-03-16 11:34:34'),
(9286, 95, 2, '2026-04-06', '23:00:00', '2026-03-16 11:34:34'),
(9287, 95, 1, '2026-04-06', '14:00:00', '2026-03-16 11:34:34'),
(9288, 95, 2, '2026-04-06', '10:30:00', '2026-03-16 11:34:34'),
(9289, 95, 1, '2026-04-06', '19:00:00', '2026-03-16 11:34:34'),
(9290, 82, 1, '2026-04-06', '23:00:00', '2026-03-16 11:34:34'),
(9291, 82, 2, '2026-04-06', '18:00:00', '2026-03-16 11:34:34'),
(9292, 82, 1, '2026-04-06', '13:30:00', '2026-03-16 11:34:34'),
(9293, 82, 2, '2026-04-06', '13:00:00', '2026-03-16 11:34:34'),
(9294, 82, 1, '2026-04-06', '18:30:00', '2026-03-16 11:34:34'),
(9295, 4, 1, '2026-04-06', '10:00:00', '2026-03-16 11:34:34'),
(9296, 4, 2, '2026-04-06', '17:00:00', '2026-03-16 11:34:34'),
(9297, 4, 1, '2026-04-06', '16:00:00', '2026-03-16 11:34:34'),
(9298, 4, 2, '2026-04-06', '19:00:00', '2026-03-16 11:34:34'),
(9299, 4, 1, '2026-04-06', '17:00:00', '2026-03-16 11:34:34'),
(9300, 12, 1, '2026-04-06', '12:30:00', '2026-03-16 11:34:34'),
(9301, 12, 2, '2026-04-06', '16:00:00', '2026-03-16 11:34:34'),
(9302, 12, 1, '2026-04-06', '13:00:00', '2026-03-16 11:34:34'),
(9303, 12, 2, '2026-04-06', '11:00:00', '2026-03-16 11:34:34'),
(9304, 12, 1, '2026-04-06', '18:00:00', '2026-03-16 11:34:34'),
(9305, 96, 1, '2026-04-06', '22:30:00', '2026-03-16 11:34:34'),
(9306, 96, 2, '2026-04-06', '22:30:00', '2026-03-16 11:34:34'),
(9307, 96, 1, '2026-04-06', '15:00:00', '2026-03-16 11:34:34'),
(9308, 96, 2, '2026-04-06', '23:30:00', '2026-03-16 11:34:34'),
(9309, 91, 1, '2026-04-07', '11:30:00', '2026-03-16 11:34:34'),
(9310, 91, 2, '2026-04-07', '15:30:00', '2026-03-16 11:34:34'),
(9311, 91, 1, '2026-04-07', '22:30:00', '2026-03-16 11:34:34'),
(9312, 91, 2, '2026-04-07', '20:00:00', '2026-03-16 11:34:34'),
(9313, 30, 1, '2026-04-07', '17:30:00', '2026-03-16 11:34:34'),
(9314, 30, 2, '2026-04-07', '13:00:00', '2026-03-16 11:34:34'),
(9315, 30, 1, '2026-04-07', '18:00:00', '2026-03-16 11:34:34'),
(9316, 30, 2, '2026-04-07', '22:00:00', '2026-03-16 11:34:34'),
(9317, 30, 1, '2026-04-07', '10:00:00', '2026-03-16 11:34:34'),
(9318, 65, 1, '2026-04-07', '16:30:00', '2026-03-16 11:34:34'),
(9319, 65, 2, '2026-04-07', '14:00:00', '2026-03-16 11:34:34'),
(9320, 65, 1, '2026-04-07', '18:30:00', '2026-03-16 11:34:34'),
(9321, 65, 2, '2026-04-07', '18:30:00', '2026-03-16 11:34:34'),
(9322, 72, 1, '2026-04-07', '21:00:00', '2026-03-16 11:34:34'),
(9323, 72, 2, '2026-04-07', '21:30:00', '2026-03-16 11:34:34'),
(9324, 72, 1, '2026-04-07', '16:00:00', '2026-03-16 11:34:34'),
(9325, 72, 2, '2026-04-07', '21:00:00', '2026-03-16 11:34:34'),
(9326, 72, 1, '2026-04-07', '23:30:00', '2026-03-16 11:34:34'),
(9327, 108, 1, '2026-04-07', '23:00:00', '2026-03-16 11:34:34'),
(9328, 108, 2, '2026-04-07', '12:30:00', '2026-03-16 11:34:34'),
(9329, 108, 1, '2026-04-07', '17:00:00', '2026-03-16 11:34:34'),
(9330, 108, 2, '2026-04-07', '15:00:00', '2026-03-16 11:34:34'),
(9331, 86, 1, '2026-04-07', '13:00:00', '2026-03-16 11:34:34'),
(9332, 86, 2, '2026-04-07', '16:30:00', '2026-03-16 11:34:34'),
(9333, 86, 1, '2026-04-07', '22:00:00', '2026-03-16 11:34:34'),
(9334, 86, 2, '2026-04-07', '11:00:00', '2026-03-16 11:34:34'),
(9335, 86, 1, '2026-04-07', '13:30:00', '2026-03-16 11:34:34'),
(9336, 105, 1, '2026-04-07', '14:00:00', '2026-03-16 11:34:34'),
(9337, 105, 2, '2026-04-07', '17:00:00', '2026-03-16 11:34:34'),
(9338, 105, 1, '2026-04-07', '20:30:00', '2026-03-16 11:34:34'),
(9339, 105, 2, '2026-04-07', '12:00:00', '2026-03-16 11:34:34'),
(9340, 46, 1, '2026-04-07', '20:00:00', '2026-03-16 11:34:34'),
(9341, 46, 2, '2026-04-07', '11:30:00', '2026-03-16 11:34:34'),
(9342, 46, 1, '2026-04-07', '12:30:00', '2026-03-16 11:34:34'),
(9343, 46, 2, '2026-04-07', '10:00:00', '2026-03-16 11:34:34'),
(9344, 46, 1, '2026-04-07', '12:00:00', '2026-03-16 11:34:34'),
(9345, 10, 1, '2026-04-08', '14:00:00', '2026-03-16 11:34:34'),
(9346, 10, 2, '2026-04-08', '14:00:00', '2026-03-16 11:34:34'),
(9347, 10, 1, '2026-04-08', '18:30:00', '2026-03-16 11:34:34'),
(9348, 10, 2, '2026-04-08', '10:00:00', '2026-03-16 11:34:34'),
(9349, 10, 1, '2026-04-08', '11:00:00', '2026-03-16 11:34:34'),
(9350, 23, 1, '2026-04-08', '18:00:00', '2026-03-16 11:34:34'),
(9351, 23, 2, '2026-04-08', '15:30:00', '2026-03-16 11:34:34'),
(9352, 23, 1, '2026-04-08', '12:00:00', '2026-03-16 11:34:34'),
(9353, 23, 2, '2026-04-08', '12:00:00', '2026-03-16 11:34:34'),
(9354, 23, 1, '2026-04-08', '19:30:00', '2026-03-16 11:34:34'),
(9355, 99, 1, '2026-04-08', '17:00:00', '2026-03-16 11:34:34'),
(9356, 99, 2, '2026-04-08', '17:30:00', '2026-03-16 11:34:34'),
(9357, 99, 1, '2026-04-08', '20:30:00', '2026-03-16 11:34:34'),
(9358, 99, 2, '2026-04-08', '23:00:00', '2026-03-16 11:34:34'),
(9359, 99, 1, '2026-04-08', '13:00:00', '2026-03-16 11:34:34'),
(9360, 81, 1, '2026-04-08', '10:30:00', '2026-03-16 11:34:34'),
(9361, 81, 2, '2026-04-08', '22:30:00', '2026-03-16 11:34:34'),
(9362, 81, 1, '2026-04-08', '17:30:00', '2026-03-16 11:34:34'),
(9363, 81, 2, '2026-04-08', '10:30:00', '2026-03-16 11:34:34'),
(9364, 64, 1, '2026-04-08', '15:30:00', '2026-03-16 11:34:34'),
(9365, 64, 2, '2026-04-08', '19:00:00', '2026-03-16 11:34:34'),
(9366, 64, 1, '2026-04-08', '13:30:00', '2026-03-16 11:34:34'),
(9367, 64, 2, '2026-04-08', '20:00:00', '2026-03-16 11:34:34'),
(9368, 64, 1, '2026-04-08', '21:30:00', '2026-03-16 11:34:34'),
(9369, 60, 1, '2026-04-08', '22:30:00', '2026-03-16 11:34:34'),
(9370, 60, 2, '2026-04-08', '21:00:00', '2026-03-16 11:34:34'),
(9371, 60, 1, '2026-04-08', '12:30:00', '2026-03-16 11:34:34'),
(9372, 60, 2, '2026-04-08', '16:30:00', '2026-03-16 11:34:34'),
(9373, 97, 1, '2026-04-08', '15:00:00', '2026-03-16 11:34:34'),
(9374, 97, 2, '2026-04-08', '20:30:00', '2026-03-16 11:34:34'),
(9375, 97, 1, '2026-04-08', '10:00:00', '2026-03-16 11:34:34'),
(9376, 97, 2, '2026-04-08', '23:30:00', '2026-03-16 11:34:34'),
(9377, 97, 1, '2026-04-08', '22:00:00', '2026-03-16 11:34:34'),
(9378, 73, 1, '2026-04-08', '11:30:00', '2026-03-16 11:34:34'),
(9379, 73, 2, '2026-04-08', '17:00:00', '2026-03-16 11:34:34'),
(9380, 73, 1, '2026-04-08', '14:30:00', '2026-03-16 11:34:34'),
(9381, 73, 2, '2026-04-08', '13:00:00', '2026-03-16 11:34:34'),
(9382, 73, 1, '2026-04-08', '23:00:00', '2026-03-16 11:34:34'),
(9383, 83, 1, '2026-04-09', '19:30:00', '2026-03-16 11:34:34'),
(9384, 83, 2, '2026-04-09', '16:30:00', '2026-03-16 11:34:34'),
(9385, 83, 1, '2026-04-09', '13:30:00', '2026-03-16 11:34:34'),
(9386, 83, 2, '2026-04-09', '10:00:00', '2026-03-16 11:34:34'),
(9387, 83, 1, '2026-04-09', '21:30:00', '2026-03-16 11:34:34'),
(9388, 43, 1, '2026-04-09', '23:30:00', '2026-03-16 11:34:34'),
(9389, 43, 2, '2026-04-09', '22:30:00', '2026-03-16 11:34:34'),
(9390, 43, 1, '2026-04-09', '16:30:00', '2026-03-16 11:34:34'),
(9391, 43, 2, '2026-04-09', '21:30:00', '2026-03-16 11:34:34'),
(9392, 9, 1, '2026-04-09', '16:00:00', '2026-03-16 11:34:34'),
(9393, 9, 2, '2026-04-09', '20:30:00', '2026-03-16 11:34:34'),
(9394, 9, 1, '2026-04-09', '11:30:00', '2026-03-16 11:34:34'),
(9395, 9, 2, '2026-04-09', '13:00:00', '2026-03-16 11:34:34'),
(9396, 9, 1, '2026-04-09', '13:00:00', '2026-03-16 11:34:34'),
(9397, 13, 1, '2026-04-09', '22:00:00', '2026-03-16 11:34:34'),
(9398, 13, 2, '2026-04-09', '14:30:00', '2026-03-16 11:34:34'),
(9399, 13, 1, '2026-04-09', '20:30:00', '2026-03-16 11:34:34'),
(9400, 13, 2, '2026-04-09', '18:30:00', '2026-03-16 11:34:34'),
(9401, 72, 1, '2026-04-09', '15:00:00', '2026-03-16 11:34:34'),
(9402, 72, 2, '2026-04-09', '19:00:00', '2026-03-16 11:34:34'),
(9403, 72, 1, '2026-04-09', '17:30:00', '2026-03-16 11:34:34'),
(9404, 72, 2, '2026-04-09', '23:00:00', '2026-03-16 11:34:34'),
(9405, 87, 1, '2026-04-09', '12:00:00', '2026-03-16 11:34:34'),
(9406, 87, 2, '2026-04-09', '14:00:00', '2026-03-16 11:34:34'),
(9407, 87, 1, '2026-04-09', '12:30:00', '2026-03-16 11:34:34'),
(9408, 87, 2, '2026-04-09', '16:00:00', '2026-03-16 11:34:34'),
(9409, 87, 1, '2026-04-09', '10:00:00', '2026-03-16 11:34:34'),
(9410, 50, 1, '2026-04-09', '21:00:00', '2026-03-16 11:34:34'),
(9411, 50, 2, '2026-04-09', '13:30:00', '2026-03-16 11:34:34'),
(9412, 50, 1, '2026-04-09', '18:30:00', '2026-03-16 11:34:34'),
(9413, 50, 2, '2026-04-09', '15:30:00', '2026-03-16 11:34:34'),
(9414, 50, 1, '2026-04-09', '17:00:00', '2026-03-16 11:34:34'),
(9415, 37, 1, '2026-04-09', '23:00:00', '2026-03-16 11:34:34'),
(9416, 37, 2, '2026-04-09', '20:00:00', '2026-03-16 11:34:34'),
(9417, 37, 1, '2026-04-09', '11:00:00', '2026-03-16 11:34:34'),
(9418, 37, 2, '2026-04-09', '21:00:00', '2026-03-16 11:34:34'),
(9419, 37, 1, '2026-04-09', '18:00:00', '2026-03-16 11:34:34'),
(9420, 102, 1, '2026-04-10', '13:30:00', '2026-03-16 11:34:34'),
(9421, 102, 2, '2026-04-10', '14:00:00', '2026-03-16 11:34:34'),
(9422, 102, 1, '2026-04-10', '21:30:00', '2026-03-16 11:34:34'),
(9423, 102, 2, '2026-04-10', '20:30:00', '2026-03-16 11:34:34'),
(9424, 58, 1, '2026-04-10', '20:30:00', '2026-03-16 11:34:34'),
(9425, 58, 2, '2026-04-10', '21:00:00', '2026-03-16 11:34:34'),
(9426, 58, 1, '2026-04-10', '23:00:00', '2026-03-16 11:34:34'),
(9427, 58, 2, '2026-04-10', '22:00:00', '2026-03-16 11:34:34'),
(9428, 58, 1, '2026-04-10', '10:30:00', '2026-03-16 11:34:34'),
(9429, 30, 1, '2026-04-10', '17:00:00', '2026-03-16 11:34:34'),
(9430, 30, 2, '2026-04-10', '20:00:00', '2026-03-16 11:34:34'),
(9431, 30, 1, '2026-04-10', '13:00:00', '2026-03-16 11:34:34'),
(9432, 30, 2, '2026-04-10', '17:30:00', '2026-03-16 11:34:34'),
(9433, 30, 1, '2026-04-10', '15:30:00', '2026-03-16 11:34:34'),
(9434, 69, 1, '2026-04-10', '11:30:00', '2026-03-16 11:34:34'),
(9435, 69, 2, '2026-04-10', '19:30:00', '2026-03-16 11:34:34'),
(9436, 69, 1, '2026-04-10', '22:30:00', '2026-03-16 11:34:34'),
(9437, 69, 2, '2026-04-10', '13:00:00', '2026-03-16 11:34:34'),
(9438, 69, 1, '2026-04-10', '19:00:00', '2026-03-16 11:34:34'),
(9439, 31, 1, '2026-04-10', '17:30:00', '2026-03-16 11:34:34'),
(9440, 31, 2, '2026-04-10', '10:00:00', '2026-03-16 11:34:34'),
(9441, 31, 1, '2026-04-10', '10:00:00', '2026-03-16 11:34:34');
INSERT INTO `showtimes` (`showtime_id`, `movie_id`, `hall_id`, `show_date`, `show_time`, `created_at`) VALUES
(9442, 31, 2, '2026-04-10', '13:30:00', '2026-03-16 11:34:34'),
(9443, 31, 1, '2026-04-10', '12:30:00', '2026-03-16 11:34:34'),
(9444, 40, 1, '2026-04-10', '14:00:00', '2026-03-16 11:34:34'),
(9445, 40, 2, '2026-04-10', '17:00:00', '2026-03-16 11:34:34'),
(9446, 40, 1, '2026-04-10', '16:30:00', '2026-03-16 11:34:34'),
(9447, 40, 2, '2026-04-10', '23:00:00', '2026-03-16 11:34:34'),
(9448, 40, 1, '2026-04-10', '22:00:00', '2026-03-16 11:34:34'),
(9449, 105, 1, '2026-04-10', '18:00:00', '2026-03-16 11:34:34'),
(9450, 105, 2, '2026-04-10', '15:30:00', '2026-03-16 11:34:34'),
(9451, 105, 1, '2026-04-10', '23:30:00', '2026-03-16 11:34:34'),
(9452, 105, 2, '2026-04-10', '16:30:00', '2026-03-16 11:34:34'),
(9453, 105, 1, '2026-04-10', '15:00:00', '2026-03-16 11:34:34'),
(9454, 61, 1, '2026-04-10', '20:00:00', '2026-03-16 11:34:34'),
(9455, 61, 2, '2026-04-10', '23:30:00', '2026-03-16 11:34:34'),
(9456, 61, 1, '2026-04-10', '16:00:00', '2026-03-16 11:34:34'),
(9457, 61, 2, '2026-04-10', '12:30:00', '2026-03-16 11:34:34'),
(9458, 3, 1, '2026-04-11', '15:00:00', '2026-03-16 11:34:34'),
(9459, 3, 2, '2026-04-11', '13:00:00', '2026-03-16 11:34:34'),
(9460, 3, 1, '2026-04-11', '14:30:00', '2026-03-16 11:34:34'),
(9461, 3, 2, '2026-04-11', '18:30:00', '2026-03-16 11:34:34'),
(9462, 3, 1, '2026-04-11', '12:30:00', '2026-03-16 11:34:34'),
(9463, 33, 1, '2026-04-11', '16:30:00', '2026-03-16 11:34:34'),
(9464, 33, 2, '2026-04-11', '12:00:00', '2026-03-16 11:34:34'),
(9465, 33, 1, '2026-04-11', '10:00:00', '2026-03-16 11:34:34'),
(9466, 33, 2, '2026-04-11', '20:00:00', '2026-03-16 11:34:34'),
(9467, 28, 1, '2026-04-11', '22:00:00', '2026-03-16 11:34:34'),
(9468, 28, 2, '2026-04-11', '23:00:00', '2026-03-16 11:34:34'),
(9469, 28, 1, '2026-04-11', '23:30:00', '2026-03-16 11:34:34'),
(9470, 28, 2, '2026-04-11', '11:30:00', '2026-03-16 11:34:34'),
(9471, 28, 1, '2026-04-11', '19:00:00', '2026-03-16 11:34:34'),
(9472, 108, 1, '2026-04-11', '21:00:00', '2026-03-16 11:34:34'),
(9473, 108, 2, '2026-04-11', '14:00:00', '2026-03-16 11:34:34'),
(9474, 108, 1, '2026-04-11', '13:30:00', '2026-03-16 11:34:34'),
(9475, 108, 2, '2026-04-11', '21:30:00', '2026-03-16 11:34:34'),
(9476, 20, 1, '2026-04-11', '17:00:00', '2026-03-16 11:34:34'),
(9477, 20, 2, '2026-04-11', '14:30:00', '2026-03-16 11:34:34'),
(9478, 20, 1, '2026-04-11', '11:00:00', '2026-03-16 11:34:34'),
(9479, 20, 2, '2026-04-11', '19:30:00', '2026-03-16 11:34:34'),
(9480, 20, 1, '2026-04-11', '16:00:00', '2026-03-16 11:34:34'),
(9481, 71, 1, '2026-04-11', '20:30:00', '2026-03-16 11:34:34'),
(9482, 71, 2, '2026-04-11', '12:30:00', '2026-03-16 11:34:34'),
(9483, 71, 1, '2026-04-11', '21:30:00', '2026-03-16 11:34:34'),
(9484, 71, 2, '2026-04-11', '17:30:00', '2026-03-16 11:34:34'),
(9485, 60, 1, '2026-04-12', '14:00:00', '2026-03-16 11:34:34'),
(9486, 60, 2, '2026-04-12', '13:00:00', '2026-03-16 11:34:34'),
(9487, 60, 1, '2026-04-12', '21:00:00', '2026-03-16 11:34:34'),
(9488, 60, 2, '2026-04-12', '13:30:00', '2026-03-16 11:34:34'),
(9489, 60, 1, '2026-04-12', '22:30:00', '2026-03-16 11:34:34'),
(9490, 90, 1, '2026-04-12', '15:00:00', '2026-03-16 11:34:34'),
(9491, 90, 2, '2026-04-12', '14:30:00', '2026-03-16 11:34:34'),
(9492, 90, 1, '2026-04-12', '23:30:00', '2026-03-16 11:34:34'),
(9493, 90, 2, '2026-04-12', '12:00:00', '2026-03-16 11:34:34'),
(9494, 62, 1, '2026-04-12', '21:30:00', '2026-03-16 11:34:34'),
(9495, 62, 2, '2026-04-12', '23:30:00', '2026-03-16 11:34:34'),
(9496, 62, 1, '2026-04-12', '16:00:00', '2026-03-16 11:34:34'),
(9497, 62, 2, '2026-04-12', '16:30:00', '2026-03-16 11:34:34'),
(9498, 62, 1, '2026-04-12', '22:00:00', '2026-03-16 11:34:34'),
(9499, 81, 1, '2026-04-12', '12:30:00', '2026-03-16 11:34:34'),
(9500, 81, 2, '2026-04-12', '19:30:00', '2026-03-16 11:34:34'),
(9501, 81, 1, '2026-04-12', '14:30:00', '2026-03-16 11:34:34'),
(9502, 81, 2, '2026-04-12', '15:00:00', '2026-03-16 11:34:34'),
(9503, 24, 1, '2026-04-12', '19:00:00', '2026-03-16 11:34:34'),
(9504, 24, 2, '2026-04-12', '17:00:00', '2026-03-16 11:34:34'),
(9505, 24, 1, '2026-04-12', '13:00:00', '2026-03-16 11:34:34'),
(9506, 24, 2, '2026-04-12', '11:30:00', '2026-03-16 11:34:34'),
(9507, 105, 1, '2026-04-12', '12:00:00', '2026-03-16 11:34:34'),
(9508, 105, 2, '2026-04-12', '21:00:00', '2026-03-16 11:34:34'),
(9509, 105, 1, '2026-04-12', '20:30:00', '2026-03-16 11:34:34'),
(9510, 105, 2, '2026-04-12', '19:00:00', '2026-03-16 11:34:34'),
(9511, 18, 1, '2026-04-12', '15:30:00', '2026-03-16 11:34:34'),
(9512, 18, 2, '2026-04-12', '12:30:00', '2026-03-16 11:34:34'),
(9513, 18, 1, '2026-04-12', '23:00:00', '2026-03-16 11:34:34'),
(9514, 18, 2, '2026-04-12', '20:30:00', '2026-03-16 11:34:34'),
(9515, 9, 1, '2026-04-12', '18:00:00', '2026-03-16 11:34:34'),
(9516, 9, 2, '2026-04-12', '21:30:00', '2026-03-16 11:34:34'),
(9517, 9, 1, '2026-04-12', '10:00:00', '2026-03-16 11:34:34'),
(9518, 9, 2, '2026-04-12', '14:00:00', '2026-03-16 11:34:34'),
(9519, 9, 1, '2026-04-12', '18:30:00', '2026-03-16 11:34:34'),
(9520, 56, 1, '2026-04-13', '10:00:00', '2026-03-16 11:34:34'),
(9521, 56, 2, '2026-04-13', '15:30:00', '2026-03-16 11:34:34'),
(9522, 56, 1, '2026-04-13', '21:00:00', '2026-03-16 11:34:34'),
(9523, 56, 2, '2026-04-13', '10:30:00', '2026-03-16 11:34:34'),
(9524, 56, 1, '2026-04-13', '22:00:00', '2026-03-16 11:34:34'),
(9525, 36, 1, '2026-04-13', '17:00:00', '2026-03-16 11:34:34'),
(9526, 36, 2, '2026-04-13', '10:00:00', '2026-03-16 11:34:34'),
(9527, 36, 1, '2026-04-13', '11:30:00', '2026-03-16 11:34:34'),
(9528, 36, 2, '2026-04-13', '14:00:00', '2026-03-16 11:34:34'),
(9529, 82, 1, '2026-04-13', '16:30:00', '2026-03-16 11:34:34'),
(9530, 82, 2, '2026-04-13', '21:00:00', '2026-03-16 11:34:34'),
(9531, 82, 1, '2026-04-13', '11:00:00', '2026-03-16 11:34:34'),
(9532, 82, 2, '2026-04-13', '18:00:00', '2026-03-16 11:34:34'),
(9533, 103, 1, '2026-04-13', '19:00:00', '2026-03-16 11:34:34'),
(9534, 103, 2, '2026-04-13', '17:00:00', '2026-03-16 11:34:34'),
(9535, 103, 1, '2026-04-13', '13:30:00', '2026-03-16 11:34:34'),
(9536, 103, 2, '2026-04-13', '17:30:00', '2026-03-16 11:34:34'),
(9537, 8, 1, '2026-04-13', '21:30:00', '2026-03-16 11:34:34'),
(9538, 8, 2, '2026-04-13', '13:00:00', '2026-03-16 11:34:34'),
(9539, 8, 1, '2026-04-13', '19:30:00', '2026-03-16 11:34:34'),
(9540, 8, 2, '2026-04-13', '19:00:00', '2026-03-16 11:34:34'),
(9541, 8, 1, '2026-04-13', '12:30:00', '2026-03-16 11:34:34'),
(9542, 10, 1, '2026-04-13', '22:30:00', '2026-03-16 11:34:34'),
(9543, 10, 2, '2026-04-13', '13:30:00', '2026-03-16 11:34:34'),
(9544, 10, 1, '2026-04-13', '23:00:00', '2026-03-16 11:34:34'),
(9545, 10, 2, '2026-04-13', '16:00:00', '2026-03-16 11:34:34'),
(9546, 86, 1, '2026-04-13', '12:00:00', '2026-03-16 11:34:34'),
(9547, 86, 2, '2026-04-13', '12:00:00', '2026-03-16 11:34:34'),
(9548, 86, 1, '2026-04-13', '15:00:00', '2026-03-16 11:34:34'),
(9549, 86, 2, '2026-04-13', '20:30:00', '2026-03-16 11:34:34'),
(9550, 52, 1, '2026-04-13', '20:30:00', '2026-03-16 11:34:34'),
(9551, 52, 2, '2026-04-13', '20:00:00', '2026-03-16 11:34:34'),
(9552, 52, 1, '2026-04-13', '15:30:00', '2026-03-16 11:34:34'),
(9553, 52, 2, '2026-04-13', '23:30:00', '2026-03-16 11:34:34'),
(9554, 70, 1, '2026-04-14', '11:30:00', '2026-03-16 11:34:34'),
(9555, 70, 2, '2026-04-14', '19:30:00', '2026-03-16 11:34:34'),
(9556, 70, 1, '2026-04-14', '20:30:00', '2026-03-16 11:34:34'),
(9557, 70, 2, '2026-04-14', '10:00:00', '2026-03-16 11:34:34'),
(9558, 38, 1, '2026-04-14', '10:00:00', '2026-03-16 11:34:34'),
(9559, 38, 2, '2026-04-14', '19:00:00', '2026-03-16 11:34:34'),
(9560, 38, 1, '2026-04-14', '16:30:00', '2026-03-16 11:34:34'),
(9561, 38, 2, '2026-04-14', '12:00:00', '2026-03-16 11:34:34'),
(9562, 38, 1, '2026-04-14', '18:30:00', '2026-03-16 11:34:34'),
(9563, 39, 1, '2026-04-14', '17:30:00', '2026-03-16 11:34:34'),
(9564, 39, 2, '2026-04-14', '22:00:00', '2026-03-16 11:34:34'),
(9565, 39, 1, '2026-04-14', '15:00:00', '2026-03-16 11:34:34'),
(9566, 39, 2, '2026-04-14', '23:00:00', '2026-03-16 11:34:34'),
(9567, 110, 1, '2026-04-14', '13:00:00', '2026-03-16 11:34:34'),
(9568, 110, 2, '2026-04-14', '21:00:00', '2026-03-16 11:34:34'),
(9569, 110, 1, '2026-04-14', '12:30:00', '2026-03-16 11:34:34'),
(9570, 110, 2, '2026-04-14', '15:30:00', '2026-03-16 11:34:34'),
(9571, 21, 1, '2026-04-14', '14:00:00', '2026-03-16 11:34:34'),
(9572, 21, 2, '2026-04-14', '15:00:00', '2026-03-16 11:34:34'),
(9573, 21, 1, '2026-04-14', '11:00:00', '2026-03-16 11:34:34'),
(9574, 21, 2, '2026-04-14', '23:30:00', '2026-03-16 11:34:34'),
(9575, 92, 1, '2026-04-14', '14:30:00', '2026-03-16 11:34:34'),
(9576, 92, 2, '2026-04-14', '13:30:00', '2026-03-16 11:34:34'),
(9577, 92, 1, '2026-04-14', '22:30:00', '2026-03-16 11:34:34'),
(9578, 92, 2, '2026-04-14', '16:30:00', '2026-03-16 11:34:34'),
(9579, 91, 1, '2026-04-14', '21:00:00', '2026-03-16 11:34:34'),
(9580, 91, 2, '2026-04-14', '11:00:00', '2026-03-16 11:34:34'),
(9581, 91, 1, '2026-04-14', '23:30:00', '2026-03-16 11:34:34'),
(9582, 91, 2, '2026-04-14', '10:30:00', '2026-03-16 11:34:34'),
(9583, 90, 1, '2026-04-14', '18:00:00', '2026-03-16 11:34:34'),
(9584, 90, 2, '2026-04-14', '20:30:00', '2026-03-16 11:34:34'),
(9585, 90, 1, '2026-04-14', '21:30:00', '2026-03-16 11:34:34'),
(9586, 90, 2, '2026-04-14', '22:30:00', '2026-03-16 11:34:34'),
(9587, 90, 1, '2026-04-14', '17:00:00', '2026-03-16 11:34:34'),
(9588, 81, 1, '2026-04-15', '20:00:00', '2026-03-16 11:34:34'),
(9589, 81, 2, '2026-04-15', '14:30:00', '2026-03-16 11:34:34'),
(9590, 81, 1, '2026-04-15', '18:00:00', '2026-03-16 11:34:34'),
(9591, 81, 2, '2026-04-15', '15:00:00', '2026-03-16 11:34:34'),
(9592, 39, 1, '2026-04-15', '16:30:00', '2026-03-16 11:34:34'),
(9593, 39, 2, '2026-04-15', '13:30:00', '2026-03-16 11:34:34'),
(9594, 39, 1, '2026-04-15', '11:30:00', '2026-03-16 11:34:34'),
(9595, 39, 2, '2026-04-15', '22:30:00', '2026-03-16 11:34:34'),
(9596, 79, 1, '2026-04-15', '23:30:00', '2026-03-16 11:34:34'),
(9597, 79, 2, '2026-04-15', '16:00:00', '2026-03-16 11:34:34'),
(9598, 79, 1, '2026-04-15', '12:30:00', '2026-03-16 11:34:34'),
(9599, 79, 2, '2026-04-15', '10:00:00', '2026-03-16 11:34:34'),
(9600, 69, 1, '2026-04-15', '17:30:00', '2026-03-16 11:34:34'),
(9601, 69, 2, '2026-04-15', '13:00:00', '2026-03-16 11:34:34'),
(9602, 69, 1, '2026-04-15', '20:30:00', '2026-03-16 11:34:34'),
(9603, 69, 2, '2026-04-15', '17:00:00', '2026-03-16 11:34:34'),
(9604, 69, 1, '2026-04-15', '10:30:00', '2026-03-16 11:34:34'),
(9605, 12, 1, '2026-04-15', '15:00:00', '2026-03-16 11:34:34'),
(9606, 12, 2, '2026-04-15', '14:00:00', '2026-03-16 11:34:34'),
(9607, 12, 1, '2026-04-15', '13:00:00', '2026-03-16 11:34:34'),
(9608, 12, 2, '2026-04-15', '15:30:00', '2026-03-16 11:34:34'),
(9609, 65, 1, '2026-04-15', '14:00:00', '2026-03-16 11:34:34'),
(9610, 65, 2, '2026-04-15', '21:00:00', '2026-03-16 11:34:34'),
(9611, 65, 1, '2026-04-15', '13:30:00', '2026-03-16 11:34:34'),
(9612, 65, 2, '2026-04-15', '20:30:00', '2026-03-16 11:34:34'),
(9613, 21, 1, '2026-04-16', '21:00:00', '2026-03-16 11:34:34'),
(9614, 21, 2, '2026-04-16', '23:00:00', '2026-03-16 11:34:34'),
(9615, 21, 1, '2026-04-16', '23:30:00', '2026-03-16 11:34:34'),
(9616, 21, 2, '2026-04-16', '18:00:00', '2026-03-16 11:34:34'),
(9617, 106, 1, '2026-04-16', '15:30:00', '2026-03-16 11:34:34'),
(9618, 106, 2, '2026-04-16', '20:00:00', '2026-03-16 11:34:34'),
(9619, 106, 1, '2026-04-16', '23:00:00', '2026-03-16 11:34:34'),
(9620, 106, 2, '2026-04-16', '14:00:00', '2026-03-16 11:34:34'),
(9621, 42, 1, '2026-04-16', '18:00:00', '2026-03-16 11:34:34'),
(9622, 42, 2, '2026-04-16', '14:30:00', '2026-03-16 11:34:34'),
(9623, 42, 1, '2026-04-16', '12:30:00', '2026-03-16 11:34:34'),
(9624, 42, 2, '2026-04-16', '22:30:00', '2026-03-16 11:34:34'),
(9625, 42, 1, '2026-04-16', '18:30:00', '2026-03-16 11:34:34'),
(9626, 74, 1, '2026-04-16', '16:00:00', '2026-03-16 11:34:34'),
(9627, 74, 2, '2026-04-16', '10:00:00', '2026-03-16 11:34:34'),
(9628, 74, 1, '2026-04-16', '19:30:00', '2026-03-16 11:34:34'),
(9629, 74, 2, '2026-04-16', '11:00:00', '2026-03-16 11:34:34'),
(9630, 74, 1, '2026-04-16', '20:30:00', '2026-03-16 11:34:34'),
(9631, 93, 1, '2026-04-16', '17:00:00', '2026-03-16 11:34:34'),
(9632, 93, 2, '2026-04-16', '16:30:00', '2026-03-16 11:34:34'),
(9633, 93, 1, '2026-04-16', '11:30:00', '2026-03-16 11:34:34'),
(9634, 93, 2, '2026-04-16', '19:00:00', '2026-03-16 11:34:34'),
(9635, 93, 1, '2026-04-16', '13:30:00', '2026-03-16 11:34:34'),
(9636, 41, 1, '2026-04-16', '12:00:00', '2026-03-16 11:34:34'),
(9637, 41, 2, '2026-04-16', '18:30:00', '2026-03-16 11:34:34'),
(9638, 41, 1, '2026-04-16', '15:00:00', '2026-03-16 11:34:34'),
(9639, 41, 2, '2026-04-16', '10:30:00', '2026-03-16 11:34:34'),
(9640, 41, 1, '2026-04-16', '14:30:00', '2026-03-16 11:34:34'),
(9641, 26, 1, '2026-04-17', '12:30:00', '2026-03-16 11:34:34'),
(9642, 26, 2, '2026-04-17', '17:00:00', '2026-03-16 11:34:34'),
(9643, 26, 1, '2026-04-17', '22:30:00', '2026-03-16 11:34:34'),
(9644, 26, 2, '2026-04-17', '20:30:00', '2026-03-16 11:34:34'),
(9645, 78, 1, '2026-04-17', '16:30:00', '2026-03-16 11:34:34'),
(9646, 78, 2, '2026-04-17', '12:30:00', '2026-03-16 11:34:34'),
(9647, 78, 1, '2026-04-17', '21:30:00', '2026-03-16 11:34:34'),
(9648, 78, 2, '2026-04-17', '15:00:00', '2026-03-16 11:34:34'),
(9649, 66, 1, '2026-04-17', '11:30:00', '2026-03-16 11:34:34'),
(9650, 66, 2, '2026-04-17', '21:30:00', '2026-03-16 11:34:34'),
(9651, 66, 1, '2026-04-17', '19:30:00', '2026-03-16 11:34:34'),
(9652, 66, 2, '2026-04-17', '11:30:00', '2026-03-16 11:34:34'),
(9653, 52, 1, '2026-04-17', '20:00:00', '2026-03-16 11:34:34'),
(9654, 52, 2, '2026-04-17', '10:00:00', '2026-03-16 11:34:34'),
(9655, 52, 1, '2026-04-17', '23:00:00', '2026-03-16 11:34:34'),
(9656, 52, 2, '2026-04-17', '17:30:00', '2026-03-16 11:34:34'),
(9657, 52, 1, '2026-04-17', '14:00:00', '2026-03-16 11:34:34'),
(9658, 65, 1, '2026-04-17', '12:00:00', '2026-03-16 11:34:34'),
(9659, 65, 2, '2026-04-17', '21:00:00', '2026-03-16 11:34:34'),
(9660, 65, 1, '2026-04-17', '21:00:00', '2026-03-16 11:34:34'),
(9661, 65, 2, '2026-04-17', '18:00:00', '2026-03-16 11:34:34'),
(9662, 65, 1, '2026-04-17', '22:00:00', '2026-03-16 11:34:34'),
(9663, 6, 1, '2026-04-17', '15:00:00', '2026-03-16 11:34:34'),
(9664, 6, 2, '2026-04-17', '12:00:00', '2026-03-16 11:34:34'),
(9665, 6, 1, '2026-04-17', '23:30:00', '2026-03-16 11:34:34'),
(9666, 6, 2, '2026-04-17', '16:30:00', '2026-03-16 11:34:34'),
(9667, 6, 1, '2026-04-17', '20:30:00', '2026-03-16 11:34:34'),
(9668, 27, 1, '2026-04-18', '13:00:00', '2026-03-16 11:34:34'),
(9669, 27, 2, '2026-04-18', '12:00:00', '2026-03-16 11:34:34'),
(9670, 27, 1, '2026-04-18', '17:00:00', '2026-03-16 11:34:34'),
(9671, 27, 2, '2026-04-18', '23:30:00', '2026-03-16 11:34:34'),
(9672, 53, 1, '2026-04-18', '14:00:00', '2026-03-16 11:34:34'),
(9673, 53, 2, '2026-04-18', '13:00:00', '2026-03-16 11:34:34'),
(9674, 53, 1, '2026-04-18', '18:30:00', '2026-03-16 11:34:34'),
(9675, 53, 2, '2026-04-18', '18:30:00', '2026-03-16 11:34:34'),
(9676, 65, 1, '2026-04-18', '11:00:00', '2026-03-16 11:34:34'),
(9677, 65, 2, '2026-04-18', '17:00:00', '2026-03-16 11:34:34'),
(9678, 65, 1, '2026-04-18', '21:00:00', '2026-03-16 11:34:34'),
(9679, 65, 2, '2026-04-18', '20:30:00', '2026-03-16 11:34:34'),
(9680, 101, 1, '2026-04-18', '11:30:00', '2026-03-16 11:34:34'),
(9681, 101, 2, '2026-04-18', '19:30:00', '2026-03-16 11:34:34'),
(9682, 101, 1, '2026-04-18', '10:30:00', '2026-03-16 11:34:34'),
(9683, 101, 2, '2026-04-18', '15:30:00', '2026-03-16 11:34:34'),
(9684, 101, 1, '2026-04-18', '16:30:00', '2026-03-16 11:34:34'),
(9685, 79, 1, '2026-04-18', '20:00:00', '2026-03-16 11:34:34'),
(9686, 79, 2, '2026-04-18', '23:00:00', '2026-03-16 11:34:34'),
(9687, 79, 1, '2026-04-18', '10:00:00', '2026-03-16 11:34:34'),
(9688, 79, 2, '2026-04-18', '14:30:00', '2026-03-16 11:34:34'),
(9689, 79, 1, '2026-04-18', '13:30:00', '2026-03-16 11:34:34'),
(9690, 61, 1, '2026-04-18', '22:00:00', '2026-03-16 11:34:34'),
(9691, 61, 2, '2026-04-18', '10:00:00', '2026-03-16 11:34:34'),
(9692, 61, 1, '2026-04-18', '19:00:00', '2026-03-16 11:34:34'),
(9693, 61, 2, '2026-04-18', '11:30:00', '2026-03-16 11:34:34'),
(9694, 61, 1, '2026-04-18', '15:30:00', '2026-03-16 11:34:34'),
(9695, 110, 1, '2026-04-18', '17:30:00', '2026-03-16 11:34:34'),
(9696, 110, 2, '2026-04-18', '15:00:00', '2026-03-16 11:34:34'),
(9697, 110, 1, '2026-04-18', '22:30:00', '2026-03-16 11:34:34'),
(9698, 110, 2, '2026-04-18', '16:30:00', '2026-03-16 11:34:34'),
(9699, 110, 1, '2026-04-18', '20:30:00', '2026-03-16 11:34:34'),
(9700, 95, 1, '2026-04-18', '14:30:00', '2026-03-16 11:34:34'),
(9701, 95, 2, '2026-04-18', '11:00:00', '2026-03-16 11:34:34'),
(9702, 95, 1, '2026-04-18', '16:00:00', '2026-03-16 11:34:34'),
(9703, 95, 2, '2026-04-18', '16:00:00', '2026-03-16 11:34:34'),
(9704, 7, 1, '2026-04-19', '22:00:00', '2026-03-16 11:34:34'),
(9705, 7, 2, '2026-04-19', '23:30:00', '2026-03-16 11:34:34'),
(9706, 7, 1, '2026-04-19', '10:00:00', '2026-03-16 11:34:34'),
(9707, 7, 2, '2026-04-19', '13:00:00', '2026-03-16 11:34:34'),
(9708, 86, 1, '2026-04-19', '10:30:00', '2026-03-16 11:34:34'),
(9709, 86, 2, '2026-04-19', '10:00:00', '2026-03-16 11:34:34'),
(9710, 86, 1, '2026-04-19', '23:30:00', '2026-03-16 11:34:34'),
(9711, 86, 2, '2026-04-19', '19:30:00', '2026-03-16 11:34:34'),
(9712, 68, 1, '2026-04-19', '22:30:00', '2026-03-16 11:34:34'),
(9713, 68, 2, '2026-04-19', '22:30:00', '2026-03-16 11:34:34'),
(9714, 68, 1, '2026-04-19', '11:00:00', '2026-03-16 11:34:34'),
(9715, 68, 2, '2026-04-19', '12:30:00', '2026-03-16 11:34:34'),
(9716, 68, 1, '2026-04-19', '14:30:00', '2026-03-16 11:34:34'),
(9717, 29, 1, '2026-04-19', '12:30:00', '2026-03-16 11:34:34'),
(9718, 29, 2, '2026-04-19', '21:30:00', '2026-03-16 11:34:34'),
(9719, 29, 1, '2026-04-19', '18:00:00', '2026-03-16 11:34:34'),
(9720, 29, 2, '2026-04-19', '16:30:00', '2026-03-16 11:34:34'),
(9721, 29, 1, '2026-04-19', '16:00:00', '2026-03-16 11:34:34'),
(9722, 82, 1, '2026-04-19', '21:30:00', '2026-03-16 11:34:34'),
(9723, 82, 2, '2026-04-19', '14:00:00', '2026-03-16 11:34:34'),
(9724, 82, 1, '2026-04-19', '16:30:00', '2026-03-16 11:34:34'),
(9725, 82, 2, '2026-04-19', '17:30:00', '2026-03-16 11:34:34'),
(9726, 82, 1, '2026-04-19', '11:30:00', '2026-03-16 11:34:34'),
(9727, 30, 1, '2026-04-19', '12:00:00', '2026-03-16 11:34:34'),
(9728, 30, 2, '2026-04-19', '11:30:00', '2026-03-16 11:34:34'),
(9729, 30, 1, '2026-04-19', '19:00:00', '2026-03-16 11:34:34'),
(9730, 30, 2, '2026-04-19', '13:30:00', '2026-03-16 11:34:34'),
(9731, 95, 1, '2026-04-20', '21:00:00', '2026-03-16 11:34:34'),
(9732, 95, 2, '2026-04-20', '13:00:00', '2026-03-16 11:34:34'),
(9733, 95, 1, '2026-04-20', '11:00:00', '2026-03-16 11:34:34'),
(9734, 95, 2, '2026-04-20', '23:00:00', '2026-03-16 11:34:34'),
(9735, 44, 1, '2026-04-20', '17:00:00', '2026-03-16 11:34:34'),
(9736, 44, 2, '2026-04-20', '20:30:00', '2026-03-16 11:34:34'),
(9737, 44, 1, '2026-04-20', '13:30:00', '2026-03-16 11:34:34'),
(9738, 44, 2, '2026-04-20', '16:30:00', '2026-03-16 11:34:34'),
(9739, 103, 1, '2026-04-20', '21:30:00', '2026-03-16 11:34:34'),
(9740, 103, 2, '2026-04-20', '18:30:00', '2026-03-16 11:34:34'),
(9741, 103, 1, '2026-04-20', '14:00:00', '2026-03-16 11:34:34'),
(9742, 103, 2, '2026-04-20', '15:30:00', '2026-03-16 11:34:34'),
(9743, 103, 1, '2026-04-20', '15:30:00', '2026-03-16 11:34:34'),
(9744, 38, 1, '2026-04-20', '16:00:00', '2026-03-16 11:34:34'),
(9745, 38, 2, '2026-04-20', '16:00:00', '2026-03-16 11:34:34'),
(9746, 38, 1, '2026-04-20', '11:30:00', '2026-03-16 11:34:34'),
(9747, 38, 2, '2026-04-20', '23:30:00', '2026-03-16 11:34:34'),
(9748, 38, 1, '2026-04-20', '18:00:00', '2026-03-16 11:34:34'),
(9749, 73, 1, '2026-04-20', '23:30:00', '2026-03-16 11:34:34'),
(9750, 73, 2, '2026-04-20', '22:00:00', '2026-03-16 11:34:34'),
(9751, 73, 1, '2026-04-20', '10:30:00', '2026-03-16 11:34:34'),
(9752, 73, 2, '2026-04-20', '20:00:00', '2026-03-16 11:34:34'),
(9753, 73, 1, '2026-04-20', '23:00:00', '2026-03-16 11:34:34'),
(9754, 87, 1, '2026-04-20', '19:00:00', '2026-03-16 11:34:34'),
(9755, 87, 2, '2026-04-20', '12:00:00', '2026-03-16 11:34:34'),
(9756, 87, 1, '2026-04-20', '22:30:00', '2026-03-16 11:34:34'),
(9757, 87, 2, '2026-04-20', '13:30:00', '2026-03-16 11:34:34'),
(9758, 58, 1, '2026-04-21', '18:00:00', '2026-03-16 11:34:34'),
(9759, 58, 2, '2026-04-21', '20:00:00', '2026-03-16 11:34:34'),
(9760, 58, 1, '2026-04-21', '22:30:00', '2026-03-16 11:34:34'),
(9761, 58, 2, '2026-04-21', '10:00:00', '2026-03-16 11:34:34'),
(9762, 68, 1, '2026-04-21', '13:00:00', '2026-03-16 11:34:34'),
(9763, 68, 2, '2026-04-21', '16:30:00', '2026-03-16 11:34:34'),
(9764, 68, 1, '2026-04-21', '19:00:00', '2026-03-16 11:34:34'),
(9765, 68, 2, '2026-04-21', '15:00:00', '2026-03-16 11:34:34'),
(9766, 91, 1, '2026-04-21', '10:30:00', '2026-03-16 11:34:34'),
(9767, 91, 2, '2026-04-21', '10:30:00', '2026-03-16 11:34:34'),
(9768, 91, 1, '2026-04-21', '11:00:00', '2026-03-16 11:34:34'),
(9769, 91, 2, '2026-04-21', '17:30:00', '2026-03-16 11:34:34'),
(9770, 47, 1, '2026-04-21', '21:00:00', '2026-03-16 11:34:34'),
(9771, 47, 2, '2026-04-21', '14:00:00', '2026-03-16 11:34:34'),
(9772, 47, 1, '2026-04-21', '15:30:00', '2026-03-16 11:34:34'),
(9773, 47, 2, '2026-04-21', '22:00:00', '2026-03-16 11:34:34'),
(9774, 47, 1, '2026-04-21', '19:30:00', '2026-03-16 11:34:34'),
(9775, 10, 1, '2026-04-21', '23:00:00', '2026-03-16 11:34:34'),
(9776, 10, 2, '2026-04-21', '13:00:00', '2026-03-16 11:34:34'),
(9777, 10, 1, '2026-04-21', '14:30:00', '2026-03-16 11:34:34'),
(9778, 10, 2, '2026-04-21', '22:30:00', '2026-03-16 11:34:34'),
(9779, 10, 1, '2026-04-21', '16:30:00', '2026-03-16 11:34:34'),
(9780, 73, 1, '2026-04-21', '22:00:00', '2026-03-16 11:34:34'),
(9781, 73, 2, '2026-04-21', '19:30:00', '2026-03-16 11:34:34'),
(9782, 73, 1, '2026-04-21', '21:30:00', '2026-03-16 11:34:34'),
(9783, 73, 2, '2026-04-21', '19:00:00', '2026-03-16 11:34:34'),
(9784, 15, 1, '2026-04-21', '18:30:00', '2026-03-16 11:34:34'),
(9785, 15, 2, '2026-04-21', '23:30:00', '2026-03-16 11:34:34'),
(9786, 15, 1, '2026-04-21', '17:00:00', '2026-03-16 11:34:34'),
(9787, 15, 2, '2026-04-21', '11:00:00', '2026-03-16 11:34:34'),
(9788, 8, 1, '2026-04-21', '20:00:00', '2026-03-16 11:34:34'),
(9789, 8, 2, '2026-04-21', '21:00:00', '2026-03-16 11:34:34'),
(9790, 8, 1, '2026-04-21', '23:30:00', '2026-03-16 11:34:34'),
(9791, 8, 2, '2026-04-21', '12:00:00', '2026-03-16 11:34:34'),
(9792, 8, 1, '2026-04-21', '14:00:00', '2026-03-16 11:34:34'),
(9793, 97, 1, '2026-04-22', '12:30:00', '2026-03-16 11:34:34'),
(9794, 97, 2, '2026-04-22', '23:00:00', '2026-03-16 11:34:34'),
(9795, 97, 1, '2026-04-22', '14:00:00', '2026-03-16 11:34:34'),
(9796, 97, 2, '2026-04-22', '10:00:00', '2026-03-16 11:34:34'),
(9797, 97, 1, '2026-04-22', '16:00:00', '2026-03-16 11:34:34'),
(9798, 3, 1, '2026-04-22', '20:30:00', '2026-03-16 11:34:34'),
(9799, 3, 2, '2026-04-22', '13:30:00', '2026-03-16 11:34:34'),
(9800, 3, 1, '2026-04-22', '13:30:00', '2026-03-16 11:34:34'),
(9801, 3, 2, '2026-04-22', '19:30:00', '2026-03-16 11:34:34'),
(9802, 3, 1, '2026-04-22', '23:30:00', '2026-03-16 11:34:34'),
(9803, 39, 1, '2026-04-22', '17:30:00', '2026-03-16 11:34:34'),
(9804, 39, 2, '2026-04-22', '13:00:00', '2026-03-16 11:34:34'),
(9805, 39, 1, '2026-04-22', '15:00:00', '2026-03-16 11:34:34'),
(9806, 39, 2, '2026-04-22', '11:30:00', '2026-03-16 11:34:34'),
(9807, 60, 1, '2026-04-22', '18:30:00', '2026-03-16 11:34:34'),
(9808, 60, 2, '2026-04-22', '21:30:00', '2026-03-16 11:34:34'),
(9809, 60, 1, '2026-04-22', '11:30:00', '2026-03-16 11:34:34'),
(9810, 60, 2, '2026-04-22', '17:30:00', '2026-03-16 11:34:34'),
(9811, 87, 1, '2026-04-22', '20:00:00', '2026-03-16 11:34:34'),
(9812, 87, 2, '2026-04-22', '18:30:00', '2026-03-16 11:34:34'),
(9813, 87, 1, '2026-04-22', '21:00:00', '2026-03-16 11:34:34'),
(9814, 87, 2, '2026-04-22', '22:00:00', '2026-03-16 11:34:34'),
(9815, 87, 1, '2026-04-22', '13:00:00', '2026-03-16 11:34:34'),
(9816, 93, 1, '2026-04-22', '10:00:00', '2026-03-16 11:34:34'),
(9817, 93, 2, '2026-04-22', '11:00:00', '2026-03-16 11:34:34'),
(9818, 93, 1, '2026-04-22', '15:30:00', '2026-03-16 11:34:34'),
(9819, 93, 2, '2026-04-22', '14:00:00', '2026-03-16 11:34:34'),
(9820, 93, 1, '2026-04-22', '14:30:00', '2026-03-16 11:34:34'),
(9821, 41, 1, '2026-04-23', '12:30:00', '2026-03-16 11:34:34'),
(9822, 41, 2, '2026-04-23', '17:30:00', '2026-03-16 11:34:34'),
(9823, 41, 1, '2026-04-23', '17:30:00', '2026-03-16 11:34:34'),
(9824, 41, 2, '2026-04-23', '10:30:00', '2026-03-16 11:34:34'),
(9825, 41, 1, '2026-04-23', '15:30:00', '2026-03-16 11:34:34'),
(9826, 90, 1, '2026-04-23', '23:30:00', '2026-03-16 11:34:34'),
(9827, 90, 2, '2026-04-23', '12:30:00', '2026-03-16 11:34:34'),
(9828, 90, 1, '2026-04-23', '17:00:00', '2026-03-16 11:34:34'),
(9829, 90, 2, '2026-04-23', '20:00:00', '2026-03-16 11:34:34'),
(9830, 54, 1, '2026-04-23', '18:00:00', '2026-03-16 11:34:34'),
(9831, 54, 2, '2026-04-23', '15:30:00', '2026-03-16 11:34:34'),
(9832, 54, 1, '2026-04-23', '23:00:00', '2026-03-16 11:34:34'),
(9833, 54, 2, '2026-04-23', '11:30:00', '2026-03-16 11:34:34'),
(9834, 53, 1, '2026-04-23', '15:00:00', '2026-03-16 11:34:34'),
(9835, 53, 2, '2026-04-23', '16:00:00', '2026-03-16 11:34:34'),
(9836, 53, 1, '2026-04-23', '22:00:00', '2026-03-16 11:34:34'),
(9837, 53, 2, '2026-04-23', '17:00:00', '2026-03-16 11:34:34'),
(9838, 53, 1, '2026-04-23', '16:00:00', '2026-03-16 11:34:34'),
(9839, 20, 1, '2026-04-23', '20:00:00', '2026-03-16 11:34:34'),
(9840, 20, 2, '2026-04-23', '11:00:00', '2026-03-16 11:34:34'),
(9841, 20, 1, '2026-04-23', '18:30:00', '2026-03-16 11:34:34'),
(9842, 20, 2, '2026-04-23', '18:30:00', '2026-03-16 11:34:34'),
(9843, 39, 1, '2026-04-23', '19:00:00', '2026-03-16 11:34:34'),
(9844, 39, 2, '2026-04-23', '14:00:00', '2026-03-16 11:34:34'),
(9845, 39, 1, '2026-04-23', '14:30:00', '2026-03-16 11:34:34'),
(9846, 39, 2, '2026-04-23', '10:00:00', '2026-03-16 11:34:34'),
(9847, 39, 1, '2026-04-23', '21:00:00', '2026-03-16 11:34:34'),
(9848, 49, 1, '2026-04-23', '11:00:00', '2026-03-16 11:34:34'),
(9849, 49, 2, '2026-04-23', '16:30:00', '2026-03-16 11:34:34'),
(9850, 49, 1, '2026-04-23', '22:30:00', '2026-03-16 11:34:34'),
(9851, 49, 2, '2026-04-23', '23:30:00', '2026-03-16 11:34:34'),
(9852, 24, 1, '2026-04-23', '13:30:00', '2026-03-16 11:34:34'),
(9853, 24, 2, '2026-04-23', '13:00:00', '2026-03-16 11:34:34'),
(9854, 24, 1, '2026-04-23', '10:00:00', '2026-03-16 11:34:34'),
(9855, 24, 2, '2026-04-23', '20:30:00', '2026-03-16 11:34:34'),
(9856, 24, 1, '2026-04-23', '19:30:00', '2026-03-16 11:34:34'),
(9857, 27, 1, '2026-04-24', '17:30:00', '2026-03-16 11:34:34'),
(9858, 27, 2, '2026-04-24', '17:00:00', '2026-03-16 11:34:34'),
(9859, 27, 1, '2026-04-24', '23:00:00', '2026-03-16 11:34:34'),
(9860, 27, 2, '2026-04-24', '10:30:00', '2026-03-16 11:34:34'),
(9861, 48, 1, '2026-04-24', '21:30:00', '2026-03-16 11:34:34'),
(9862, 48, 2, '2026-04-24', '22:00:00', '2026-03-16 11:34:34'),
(9863, 48, 1, '2026-04-24', '14:30:00', '2026-03-16 11:34:34'),
(9864, 48, 2, '2026-04-24', '22:30:00', '2026-03-16 11:34:34'),
(9865, 41, 1, '2026-04-24', '12:30:00', '2026-03-16 11:34:34'),
(9866, 41, 2, '2026-04-24', '20:30:00', '2026-03-16 11:34:34'),
(9867, 41, 1, '2026-04-24', '19:30:00', '2026-03-16 11:34:34'),
(9868, 41, 2, '2026-04-24', '15:30:00', '2026-03-16 11:34:34'),
(9869, 41, 1, '2026-04-24', '21:00:00', '2026-03-16 11:34:34'),
(9870, 53, 1, '2026-04-24', '10:30:00', '2026-03-16 11:34:34'),
(9871, 53, 2, '2026-04-24', '11:00:00', '2026-03-16 11:34:34'),
(9872, 53, 1, '2026-04-24', '23:30:00', '2026-03-16 11:34:34'),
(9873, 53, 2, '2026-04-24', '20:00:00', '2026-03-16 11:34:34'),
(9874, 53, 1, '2026-04-24', '20:00:00', '2026-03-16 11:34:34'),
(9875, 6, 1, '2026-04-24', '22:00:00', '2026-03-16 11:34:34'),
(9876, 6, 2, '2026-04-24', '16:30:00', '2026-03-16 11:34:34'),
(9877, 6, 1, '2026-04-24', '10:00:00', '2026-03-16 11:34:34'),
(9878, 6, 2, '2026-04-24', '12:30:00', '2026-03-16 11:34:34'),
(9879, 6, 1, '2026-04-24', '11:30:00', '2026-03-16 11:34:34'),
(9880, 73, 1, '2026-04-24', '22:30:00', '2026-03-16 11:34:34'),
(9881, 73, 2, '2026-04-24', '14:00:00', '2026-03-16 11:34:34'),
(9882, 73, 1, '2026-04-24', '20:30:00', '2026-03-16 11:34:34'),
(9883, 73, 2, '2026-04-24', '18:00:00', '2026-03-16 11:34:34'),
(9884, 29, 1, '2026-04-24', '19:00:00', '2026-03-16 11:34:34'),
(9885, 29, 2, '2026-04-24', '19:00:00', '2026-03-16 11:34:34'),
(9886, 29, 1, '2026-04-24', '15:30:00', '2026-03-16 11:34:34'),
(9887, 29, 2, '2026-04-24', '12:00:00', '2026-03-16 11:34:34'),
(9888, 93, 1, '2026-04-25', '13:00:00', '2026-03-16 11:34:34'),
(9889, 93, 2, '2026-04-25', '10:30:00', '2026-03-16 11:34:34'),
(9890, 93, 1, '2026-04-25', '14:30:00', '2026-03-16 11:34:34'),
(9891, 93, 2, '2026-04-25', '20:30:00', '2026-03-16 11:34:34'),
(9892, 93, 1, '2026-04-25', '11:30:00', '2026-03-16 11:34:34'),
(9893, 36, 1, '2026-04-25', '16:30:00', '2026-03-16 11:34:34'),
(9894, 36, 2, '2026-04-25', '19:00:00', '2026-03-16 11:34:34'),
(9895, 36, 1, '2026-04-25', '10:00:00', '2026-03-16 11:34:34'),
(9896, 36, 2, '2026-04-25', '11:30:00', '2026-03-16 11:34:34'),
(9897, 69, 1, '2026-04-25', '12:00:00', '2026-03-16 11:34:34'),
(9898, 69, 2, '2026-04-25', '12:30:00', '2026-03-16 11:34:34'),
(9899, 69, 1, '2026-04-25', '10:30:00', '2026-03-16 11:34:34'),
(9900, 69, 2, '2026-04-25', '21:30:00', '2026-03-16 11:34:34'),
(9901, 37, 1, '2026-04-25', '21:30:00', '2026-03-16 11:34:34'),
(9902, 37, 2, '2026-04-25', '14:00:00', '2026-03-16 11:34:34'),
(9903, 37, 1, '2026-04-25', '22:00:00', '2026-03-16 11:34:34'),
(9904, 37, 2, '2026-04-25', '18:30:00', '2026-03-16 11:34:34'),
(9905, 3, 1, '2026-04-25', '19:30:00', '2026-03-16 11:34:34'),
(9906, 3, 2, '2026-04-25', '17:30:00', '2026-03-16 11:34:34'),
(9907, 3, 1, '2026-04-25', '18:00:00', '2026-03-16 11:34:34'),
(9908, 3, 2, '2026-04-25', '21:00:00', '2026-03-16 11:34:34'),
(9909, 65, 1, '2026-04-25', '12:30:00', '2026-03-16 11:34:34'),
(9910, 65, 2, '2026-04-25', '22:30:00', '2026-03-16 11:34:34'),
(9911, 65, 1, '2026-04-25', '22:30:00', '2026-03-16 11:34:34'),
(9912, 65, 2, '2026-04-25', '16:00:00', '2026-03-16 11:34:34'),
(9913, 106, 1, '2026-04-25', '15:30:00', '2026-03-16 11:34:34'),
(9914, 106, 2, '2026-04-25', '15:00:00', '2026-03-16 11:34:34'),
(9915, 106, 1, '2026-04-25', '11:00:00', '2026-03-16 11:34:34'),
(9916, 106, 2, '2026-04-25', '14:30:00', '2026-03-16 11:34:34'),
(9917, 90, 1, '2026-04-25', '17:00:00', '2026-03-16 11:34:34'),
(9918, 90, 2, '2026-04-25', '19:30:00', '2026-03-16 11:34:34'),
(9919, 90, 1, '2026-04-25', '20:30:00', '2026-03-16 11:34:34'),
(9920, 90, 2, '2026-04-25', '15:30:00', '2026-03-16 11:34:34'),
(9921, 90, 1, '2026-04-25', '21:00:00', '2026-03-16 11:34:34'),
(9922, 107, 1, '2026-04-26', '20:30:00', '2026-03-16 11:34:34'),
(9923, 107, 2, '2026-04-26', '20:30:00', '2026-03-16 11:34:34'),
(9924, 107, 1, '2026-04-26', '12:30:00', '2026-03-16 11:34:34'),
(9925, 107, 2, '2026-04-26', '15:30:00', '2026-03-16 11:34:34'),
(9926, 107, 1, '2026-04-26', '17:30:00', '2026-03-16 11:34:34'),
(9927, 51, 1, '2026-04-26', '18:30:00', '2026-03-16 11:34:34'),
(9928, 51, 2, '2026-04-26', '12:30:00', '2026-03-16 11:34:34'),
(9929, 51, 1, '2026-04-26', '21:00:00', '2026-03-16 11:34:34'),
(9930, 51, 2, '2026-04-26', '22:30:00', '2026-03-16 11:34:34'),
(9931, 51, 1, '2026-04-26', '11:30:00', '2026-03-16 11:34:34'),
(9932, 10, 1, '2026-04-26', '12:00:00', '2026-03-16 11:34:34'),
(9933, 10, 2, '2026-04-26', '16:00:00', '2026-03-16 11:34:34'),
(9934, 10, 1, '2026-04-26', '22:30:00', '2026-03-16 11:34:34'),
(9935, 10, 2, '2026-04-26', '21:00:00', '2026-03-16 11:34:34'),
(9936, 10, 1, '2026-04-26', '18:00:00', '2026-03-16 11:34:34'),
(9937, 39, 1, '2026-04-26', '13:00:00', '2026-03-16 11:34:34'),
(9938, 39, 2, '2026-04-26', '18:30:00', '2026-03-16 11:34:34'),
(9939, 39, 1, '2026-04-26', '10:30:00', '2026-03-16 11:34:34'),
(9940, 39, 2, '2026-04-26', '23:30:00', '2026-03-16 11:34:34'),
(9941, 21, 1, '2026-04-26', '10:00:00', '2026-03-16 11:34:34'),
(9942, 21, 2, '2026-04-26', '17:00:00', '2026-03-16 11:34:34'),
(9943, 21, 1, '2026-04-26', '20:00:00', '2026-03-16 11:34:34'),
(9944, 21, 2, '2026-04-26', '14:30:00', '2026-03-16 11:34:34'),
(9945, 73, 1, '2026-04-26', '16:30:00', '2026-03-16 11:34:34'),
(9946, 73, 2, '2026-04-26', '22:00:00', '2026-03-16 11:34:34'),
(9947, 73, 1, '2026-04-26', '15:00:00', '2026-03-16 11:34:34'),
(9948, 73, 2, '2026-04-26', '12:00:00', '2026-03-16 11:34:34'),
(9949, 73, 1, '2026-04-26', '21:30:00', '2026-03-16 11:34:34'),
(9950, 31, 1, '2026-04-26', '14:30:00', '2026-03-16 11:34:34'),
(9951, 31, 2, '2026-04-26', '21:30:00', '2026-03-16 11:34:34'),
(9952, 31, 1, '2026-04-26', '19:30:00', '2026-03-16 11:34:34'),
(9953, 31, 2, '2026-04-26', '19:30:00', '2026-03-16 11:34:34'),
(9954, 108, 1, '2026-04-26', '13:30:00', '2026-03-16 11:34:34'),
(9955, 108, 2, '2026-04-26', '10:00:00', '2026-03-16 11:34:34'),
(9956, 108, 1, '2026-04-26', '19:00:00', '2026-03-16 11:34:34'),
(9957, 108, 2, '2026-04-26', '14:00:00', '2026-03-16 11:34:34'),
(9958, 46, 1, '2026-04-27', '18:00:00', '2026-03-16 11:34:34'),
(9959, 46, 2, '2026-04-27', '23:00:00', '2026-03-16 11:34:34'),
(9960, 46, 1, '2026-04-27', '19:00:00', '2026-03-16 11:34:34'),
(9961, 46, 2, '2026-04-27', '16:30:00', '2026-03-16 11:34:34'),
(9962, 46, 1, '2026-04-27', '23:30:00', '2026-03-16 11:34:34'),
(9963, 71, 1, '2026-04-27', '23:00:00', '2026-03-16 11:34:34'),
(9964, 71, 2, '2026-04-27', '17:30:00', '2026-03-16 11:34:34'),
(9965, 71, 1, '2026-04-27', '14:30:00', '2026-03-16 11:34:34'),
(9966, 71, 2, '2026-04-27', '21:30:00', '2026-03-16 11:34:34'),
(9967, 12, 1, '2026-04-27', '12:00:00', '2026-03-16 11:34:34'),
(9968, 12, 2, '2026-04-27', '19:00:00', '2026-03-16 11:34:34'),
(9969, 12, 1, '2026-04-27', '20:00:00', '2026-03-16 11:34:34'),
(9970, 12, 2, '2026-04-27', '13:00:00', '2026-03-16 11:34:34'),
(9971, 12, 1, '2026-04-27', '10:30:00', '2026-03-16 11:34:34'),
(9972, 77, 1, '2026-04-27', '20:30:00', '2026-03-16 11:34:34'),
(9973, 77, 2, '2026-04-27', '18:30:00', '2026-03-16 11:34:34'),
(9974, 77, 1, '2026-04-27', '22:30:00', '2026-03-16 11:34:34'),
(9975, 77, 2, '2026-04-27', '14:30:00', '2026-03-16 11:34:34'),
(9976, 77, 1, '2026-04-27', '15:30:00', '2026-03-16 11:34:34'),
(9977, 102, 1, '2026-04-27', '13:00:00', '2026-03-16 11:34:34'),
(9978, 102, 2, '2026-04-27', '19:30:00', '2026-03-16 11:34:34'),
(9979, 102, 1, '2026-04-27', '18:30:00', '2026-03-16 11:34:34'),
(9980, 102, 2, '2026-04-27', '18:00:00', '2026-03-16 11:34:34'),
(9981, 102, 1, '2026-04-27', '12:30:00', '2026-03-16 11:34:34'),
(9982, 42, 1, '2026-04-27', '11:30:00', '2026-03-16 11:34:34'),
(9983, 42, 2, '2026-04-27', '10:30:00', '2026-03-16 11:34:34'),
(9984, 42, 1, '2026-04-27', '17:30:00', '2026-03-16 11:34:34'),
(9985, 42, 2, '2026-04-27', '17:00:00', '2026-03-16 11:34:34'),
(9986, 89, 1, '2026-04-28', '17:30:00', '2026-03-16 11:34:34'),
(9987, 89, 2, '2026-04-28', '20:00:00', '2026-03-16 11:34:34'),
(9988, 89, 1, '2026-04-28', '20:00:00', '2026-03-16 11:34:34'),
(9989, 89, 2, '2026-04-28', '14:00:00', '2026-03-16 11:34:34'),
(9990, 89, 1, '2026-04-28', '19:30:00', '2026-03-16 11:34:34'),
(9991, 82, 1, '2026-04-28', '17:00:00', '2026-03-16 11:34:34'),
(9992, 82, 2, '2026-04-28', '15:30:00', '2026-03-16 11:34:34'),
(9993, 82, 1, '2026-04-28', '15:30:00', '2026-03-16 11:34:34'),
(9994, 82, 2, '2026-04-28', '16:30:00', '2026-03-16 11:34:34'),
(9995, 82, 1, '2026-04-28', '10:00:00', '2026-03-16 11:34:34'),
(9996, 63, 1, '2026-04-28', '11:30:00', '2026-03-16 11:34:34'),
(9997, 63, 2, '2026-04-28', '10:30:00', '2026-03-16 11:34:34'),
(9998, 63, 1, '2026-04-28', '23:30:00', '2026-03-16 11:34:34'),
(9999, 63, 2, '2026-04-28', '18:30:00', '2026-03-16 11:34:34'),
(10000, 63, 1, '2026-04-28', '15:00:00', '2026-03-16 11:34:34'),
(10001, 74, 1, '2026-04-28', '22:00:00', '2026-03-16 11:34:34'),
(10002, 74, 2, '2026-04-28', '13:30:00', '2026-03-16 11:34:34'),
(10003, 74, 1, '2026-04-28', '13:00:00', '2026-03-16 11:34:34'),
(10004, 74, 2, '2026-04-28', '21:30:00', '2026-03-16 11:34:34'),
(10005, 102, 1, '2026-04-28', '16:30:00', '2026-03-16 11:34:34'),
(10006, 102, 2, '2026-04-28', '17:30:00', '2026-03-16 11:34:34'),
(10007, 102, 1, '2026-04-28', '10:30:00', '2026-03-16 11:34:34'),
(10008, 102, 2, '2026-04-28', '21:00:00', '2026-03-16 11:34:34'),
(10009, 32, 1, '2026-04-28', '11:00:00', '2026-03-16 11:34:34'),
(10010, 32, 2, '2026-04-28', '11:00:00', '2026-03-16 11:34:34'),
(10011, 32, 1, '2026-04-28', '22:30:00', '2026-03-16 11:34:34'),
(10012, 32, 2, '2026-04-28', '20:30:00', '2026-03-16 11:34:34'),
(10013, 42, 1, '2026-04-28', '23:00:00', '2026-03-16 11:34:34'),
(10014, 42, 2, '2026-04-28', '18:00:00', '2026-03-16 11:34:34'),
(10015, 42, 1, '2026-04-28', '14:30:00', '2026-03-16 11:34:34'),
(10016, 42, 2, '2026-04-28', '22:30:00', '2026-03-16 11:34:34'),
(10017, 49, 1, '2026-04-28', '14:00:00', '2026-03-16 11:34:34'),
(10018, 49, 2, '2026-04-28', '12:30:00', '2026-03-16 11:34:34'),
(10019, 49, 1, '2026-04-28', '12:00:00', '2026-03-16 11:34:34'),
(10020, 49, 2, '2026-04-28', '22:00:00', '2026-03-16 11:34:34'),
(10021, 49, 1, '2026-04-28', '21:00:00', '2026-03-16 11:34:34'),
(10022, 4, 1, '2026-04-29', '21:30:00', '2026-03-16 11:34:34'),
(10023, 4, 2, '2026-04-29', '18:30:00', '2026-03-16 11:34:34'),
(10024, 4, 1, '2026-04-29', '12:30:00', '2026-03-16 11:34:34'),
(10025, 4, 2, '2026-04-29', '17:30:00', '2026-03-16 11:34:34'),
(10026, 62, 1, '2026-04-29', '15:00:00', '2026-03-16 11:34:34'),
(10027, 62, 2, '2026-04-29', '21:30:00', '2026-03-16 11:34:34'),
(10028, 62, 1, '2026-04-29', '10:00:00', '2026-03-16 11:34:34'),
(10029, 62, 2, '2026-04-29', '21:00:00', '2026-03-16 11:34:34'),
(10030, 62, 1, '2026-04-29', '11:30:00', '2026-03-16 11:34:34'),
(10031, 14, 1, '2026-04-29', '18:00:00', '2026-03-16 11:34:34'),
(10032, 14, 2, '2026-04-29', '13:00:00', '2026-03-16 11:34:34'),
(10033, 14, 1, '2026-04-29', '20:00:00', '2026-03-16 11:34:34'),
(10034, 14, 2, '2026-04-29', '11:00:00', '2026-03-16 11:34:34'),
(10035, 14, 1, '2026-04-29', '22:30:00', '2026-03-16 11:34:34'),
(10036, 38, 1, '2026-04-29', '19:00:00', '2026-03-16 11:34:34'),
(10037, 38, 2, '2026-04-29', '22:30:00', '2026-03-16 11:34:34'),
(10038, 38, 1, '2026-04-29', '18:30:00', '2026-03-16 11:34:34'),
(10039, 38, 2, '2026-04-29', '18:00:00', '2026-03-16 11:34:34'),
(10040, 38, 1, '2026-04-29', '10:30:00', '2026-03-16 11:34:34'),
(10041, 54, 1, '2026-04-29', '20:30:00', '2026-03-16 11:34:34'),
(10042, 54, 2, '2026-04-29', '14:30:00', '2026-03-16 11:34:34'),
(10043, 54, 1, '2026-04-29', '16:00:00', '2026-03-16 11:34:34'),
(10044, 54, 2, '2026-04-29', '14:00:00', '2026-03-16 11:34:34'),
(10045, 54, 1, '2026-04-29', '23:00:00', '2026-03-16 11:34:34'),
(10046, 11, 1, '2026-04-29', '15:30:00', '2026-03-16 11:34:34'),
(10047, 11, 2, '2026-04-29', '23:30:00', '2026-03-16 11:34:34'),
(10048, 11, 1, '2026-04-29', '19:30:00', '2026-03-16 11:34:34'),
(10049, 11, 2, '2026-04-29', '12:00:00', '2026-03-16 11:34:34'),
(10050, 15, 1, '2026-04-29', '14:00:00', '2026-03-16 11:34:34'),
(10051, 15, 2, '2026-04-29', '17:00:00', '2026-03-16 11:34:34'),
(10052, 15, 1, '2026-04-29', '13:30:00', '2026-03-16 11:34:34'),
(10053, 15, 2, '2026-04-29', '10:00:00', '2026-03-16 11:34:34'),
(10054, 15, 1, '2026-04-29', '22:00:00', '2026-03-16 11:34:34'),
(10055, 15, 1, '2026-04-30', '13:00:00', '2026-03-16 11:34:34'),
(10056, 15, 2, '2026-04-30', '15:00:00', '2026-03-16 11:34:34'),
(10057, 15, 1, '2026-04-30', '23:00:00', '2026-03-16 11:34:34'),
(10058, 15, 2, '2026-04-30', '17:30:00', '2026-03-16 11:34:34'),
(10059, 15, 1, '2026-04-30', '20:30:00', '2026-03-16 11:34:34'),
(10060, 34, 1, '2026-04-30', '14:00:00', '2026-03-16 11:34:34'),
(10061, 34, 2, '2026-04-30', '21:30:00', '2026-03-16 11:34:34'),
(10062, 34, 1, '2026-04-30', '13:30:00', '2026-03-16 11:34:34'),
(10063, 34, 2, '2026-04-30', '11:00:00', '2026-03-16 11:34:34'),
(10064, 34, 1, '2026-04-30', '23:30:00', '2026-03-16 11:34:34'),
(10065, 86, 1, '2026-04-30', '12:00:00', '2026-03-16 11:34:34'),
(10066, 86, 2, '2026-04-30', '13:30:00', '2026-03-16 11:34:34'),
(10067, 86, 1, '2026-04-30', '19:00:00', '2026-03-16 11:34:34'),
(10068, 86, 2, '2026-04-30', '14:30:00', '2026-03-16 11:34:34'),
(10069, 63, 1, '2026-04-30', '18:00:00', '2026-03-16 11:34:34'),
(10070, 63, 2, '2026-04-30', '18:00:00', '2026-03-16 11:34:34'),
(10071, 63, 1, '2026-04-30', '19:30:00', '2026-03-16 11:34:34'),
(10072, 63, 2, '2026-04-30', '14:00:00', '2026-03-16 11:34:34'),
(10073, 63, 1, '2026-04-30', '16:00:00', '2026-03-16 11:34:34'),
(10074, 68, 1, '2026-04-30', '18:30:00', '2026-03-16 11:34:34'),
(10075, 68, 2, '2026-04-30', '10:30:00', '2026-03-16 11:34:34'),
(10076, 68, 1, '2026-04-30', '20:00:00', '2026-03-16 11:34:34'),
(10077, 68, 2, '2026-04-30', '12:00:00', '2026-03-16 11:34:34'),
(10078, 68, 1, '2026-04-30', '12:30:00', '2026-03-16 11:34:34'),
(10079, 82, 1, '2026-04-30', '16:30:00', '2026-03-16 11:34:34'),
(10080, 82, 2, '2026-04-30', '19:30:00', '2026-03-16 11:34:34'),
(10081, 82, 1, '2026-04-30', '10:00:00', '2026-03-16 11:34:34'),
(10082, 82, 2, '2026-04-30', '11:30:00', '2026-03-16 11:34:34'),
(10083, 82, 1, '2026-04-30', '22:30:00', '2026-03-16 11:34:34'),
(10084, 41, 1, '2026-04-30', '10:30:00', '2026-03-16 11:34:34'),
(10085, 41, 2, '2026-04-30', '15:30:00', '2026-03-16 11:34:34'),
(10086, 41, 1, '2026-04-30', '14:30:00', '2026-03-16 11:34:34'),
(10087, 41, 2, '2026-04-30', '19:00:00', '2026-03-16 11:34:34'),
(10088, 4, 1, '2026-05-01', '18:30:00', '2026-03-16 11:34:34'),
(10089, 4, 2, '2026-05-01', '19:00:00', '2026-03-16 11:34:34'),
(10090, 4, 1, '2026-05-01', '10:00:00', '2026-03-16 11:34:34'),
(10091, 4, 2, '2026-05-01', '20:00:00', '2026-03-16 11:34:34'),
(10092, 4, 1, '2026-05-01', '21:30:00', '2026-03-16 11:34:34'),
(10093, 103, 1, '2026-05-01', '10:30:00', '2026-03-16 11:34:34'),
(10094, 103, 2, '2026-05-01', '18:00:00', '2026-03-16 11:34:34'),
(10095, 103, 1, '2026-05-01', '16:30:00', '2026-03-16 11:34:34'),
(10096, 103, 2, '2026-05-01', '21:30:00', '2026-03-16 11:34:34'),
(10097, 98, 1, '2026-05-01', '17:30:00', '2026-03-16 11:34:34'),
(10098, 98, 2, '2026-05-01', '20:30:00', '2026-03-16 11:34:34'),
(10099, 98, 1, '2026-05-01', '20:00:00', '2026-03-16 11:34:34'),
(10100, 98, 2, '2026-05-01', '21:00:00', '2026-03-16 11:34:34'),
(10101, 98, 1, '2026-05-01', '16:00:00', '2026-03-16 11:34:34'),
(10102, 29, 1, '2026-05-01', '18:00:00', '2026-03-16 11:34:34'),
(10103, 29, 2, '2026-05-01', '16:30:00', '2026-03-16 11:34:34'),
(10104, 29, 1, '2026-05-01', '13:00:00', '2026-03-16 11:34:34'),
(10105, 29, 2, '2026-05-01', '22:00:00', '2026-03-16 11:34:34'),
(10106, 29, 1, '2026-05-01', '14:00:00', '2026-03-16 11:34:34'),
(10107, 38, 1, '2026-05-01', '17:00:00', '2026-03-16 11:34:34'),
(10108, 38, 2, '2026-05-01', '16:00:00', '2026-03-16 11:34:34'),
(10109, 38, 1, '2026-05-01', '15:30:00', '2026-03-16 11:34:34'),
(10110, 38, 2, '2026-05-01', '13:30:00', '2026-03-16 11:34:34'),
(10111, 5, 1, '2026-05-01', '12:30:00', '2026-03-16 11:34:34'),
(10112, 5, 2, '2026-05-01', '23:30:00', '2026-03-16 11:34:34'),
(10113, 5, 1, '2026-05-01', '23:30:00', '2026-03-16 11:34:34'),
(10114, 5, 2, '2026-05-01', '14:00:00', '2026-03-16 11:34:34'),
(10115, 36, 1, '2026-05-01', '22:30:00', '2026-03-16 11:34:34'),
(10116, 36, 2, '2026-05-01', '13:00:00', '2026-03-16 11:34:34'),
(10117, 36, 1, '2026-05-01', '22:00:00', '2026-03-16 11:34:34'),
(10118, 36, 2, '2026-05-01', '11:30:00', '2026-03-16 11:34:34'),
(10119, 36, 1, '2026-05-01', '13:30:00', '2026-03-16 11:34:34'),
(10120, 69, 1, '2026-05-01', '11:30:00', '2026-03-16 11:34:34'),
(10121, 69, 2, '2026-05-01', '11:00:00', '2026-03-16 11:34:34'),
(10122, 69, 1, '2026-05-01', '15:00:00', '2026-03-16 11:34:34'),
(10123, 69, 2, '2026-05-01', '22:30:00', '2026-03-16 11:34:34'),
(10124, 69, 1, '2026-05-01', '12:00:00', '2026-03-16 11:34:34'),
(10125, 17, 1, '2026-05-02', '10:00:00', '2026-03-16 11:34:34'),
(10126, 17, 2, '2026-05-02', '17:00:00', '2026-03-16 11:34:34'),
(10127, 17, 1, '2026-05-02', '18:00:00', '2026-03-16 11:34:34'),
(10128, 17, 2, '2026-05-02', '17:30:00', '2026-03-16 11:34:34'),
(10129, 17, 1, '2026-05-02', '15:00:00', '2026-03-16 11:34:34'),
(10130, 32, 1, '2026-05-02', '11:00:00', '2026-03-16 11:34:34'),
(10131, 32, 2, '2026-05-02', '18:00:00', '2026-03-16 11:34:34'),
(10132, 32, 1, '2026-05-02', '19:30:00', '2026-03-16 11:34:34'),
(10133, 32, 2, '2026-05-02', '13:30:00', '2026-03-16 11:34:34'),
(10134, 32, 1, '2026-05-02', '16:00:00', '2026-03-16 11:34:34'),
(10135, 19, 1, '2026-05-02', '20:00:00', '2026-03-16 11:34:34'),
(10136, 19, 2, '2026-05-02', '10:00:00', '2026-03-16 11:34:34'),
(10137, 19, 1, '2026-05-02', '14:00:00', '2026-03-16 11:34:34'),
(10138, 19, 2, '2026-05-02', '11:30:00', '2026-03-16 11:34:34'),
(10139, 92, 1, '2026-05-02', '19:00:00', '2026-03-16 11:34:34'),
(10140, 92, 2, '2026-05-02', '21:30:00', '2026-03-16 11:34:34'),
(10141, 92, 1, '2026-05-02', '15:30:00', '2026-03-16 11:34:34'),
(10142, 92, 2, '2026-05-02', '11:00:00', '2026-03-16 11:34:34'),
(10143, 92, 1, '2026-05-02', '21:00:00', '2026-03-16 11:34:34'),
(10144, 42, 1, '2026-05-02', '17:30:00', '2026-03-16 11:34:34'),
(10145, 42, 2, '2026-05-02', '21:00:00', '2026-03-16 11:34:34'),
(10146, 42, 1, '2026-05-02', '12:30:00', '2026-03-16 11:34:34'),
(10147, 42, 2, '2026-05-02', '20:30:00', '2026-03-16 11:34:34'),
(10148, 42, 1, '2026-05-02', '12:00:00', '2026-03-16 11:34:34'),
(10149, 108, 1, '2026-05-02', '20:30:00', '2026-03-16 11:34:34'),
(10150, 108, 2, '2026-05-02', '16:00:00', '2026-03-16 11:34:34'),
(10151, 108, 1, '2026-05-02', '22:30:00', '2026-03-16 11:34:34'),
(10152, 108, 2, '2026-05-02', '14:30:00', '2026-03-16 11:34:34'),
(10153, 108, 1, '2026-05-02', '14:30:00', '2026-03-16 11:34:34'),
(10154, 98, 1, '2026-05-02', '13:30:00', '2026-03-16 11:34:34'),
(10155, 98, 2, '2026-05-02', '16:30:00', '2026-03-16 11:34:34'),
(10156, 98, 1, '2026-05-02', '11:30:00', '2026-03-16 11:34:34'),
(10157, 98, 2, '2026-05-02', '22:30:00', '2026-03-16 11:34:34'),
(10158, 98, 1, '2026-05-02', '16:30:00', '2026-03-16 11:34:34'),
(10159, 109, 1, '2026-05-02', '13:00:00', '2026-03-16 11:34:34'),
(10160, 109, 2, '2026-05-02', '20:00:00', '2026-03-16 11:34:34'),
(10161, 109, 1, '2026-05-02', '23:30:00', '2026-03-16 11:34:34'),
(10162, 109, 2, '2026-05-02', '15:00:00', '2026-03-16 11:34:34'),
(10163, 47, 1, '2026-05-03', '21:00:00', '2026-03-16 11:34:34'),
(10164, 47, 2, '2026-05-03', '21:00:00', '2026-03-16 11:34:34'),
(10165, 47, 1, '2026-05-03', '19:00:00', '2026-03-16 11:34:34'),
(10166, 47, 2, '2026-05-03', '23:30:00', '2026-03-16 11:34:34'),
(10167, 47, 1, '2026-05-03', '12:00:00', '2026-03-16 11:34:34'),
(10168, 33, 1, '2026-05-03', '19:30:00', '2026-03-16 11:34:34'),
(10169, 33, 2, '2026-05-03', '19:30:00', '2026-03-16 11:34:34'),
(10170, 33, 1, '2026-05-03', '16:30:00', '2026-03-16 11:34:34'),
(10171, 33, 2, '2026-05-03', '14:00:00', '2026-03-16 11:34:34'),
(10172, 33, 1, '2026-05-03', '11:30:00', '2026-03-16 11:34:34'),
(10173, 11, 1, '2026-05-03', '14:30:00', '2026-03-16 11:34:34'),
(10174, 11, 2, '2026-05-03', '16:00:00', '2026-03-16 11:34:34'),
(10175, 11, 1, '2026-05-03', '13:00:00', '2026-03-16 11:34:34'),
(10176, 11, 2, '2026-05-03', '16:30:00', '2026-03-16 11:34:34'),
(10177, 48, 1, '2026-05-03', '20:30:00', '2026-03-16 11:34:34'),
(10178, 48, 2, '2026-05-03', '12:30:00', '2026-03-16 11:34:34'),
(10179, 48, 1, '2026-05-03', '10:30:00', '2026-03-16 11:34:34'),
(10180, 48, 2, '2026-05-03', '18:00:00', '2026-03-16 11:34:34'),
(10181, 48, 1, '2026-05-03', '12:30:00', '2026-03-16 11:34:34'),
(10182, 86, 1, '2026-05-03', '21:30:00', '2026-03-16 11:34:34'),
(10183, 86, 2, '2026-05-03', '13:00:00', '2026-03-16 11:34:34'),
(10184, 86, 1, '2026-05-03', '18:30:00', '2026-03-16 11:34:34'),
(10185, 86, 2, '2026-05-03', '20:00:00', '2026-03-16 11:34:34'),
(10186, 84, 1, '2026-05-03', '13:30:00', '2026-03-16 11:34:34'),
(10187, 84, 2, '2026-05-03', '15:30:00', '2026-03-16 11:34:34'),
(10188, 84, 1, '2026-05-03', '23:30:00', '2026-03-16 11:34:34'),
(10189, 84, 2, '2026-05-03', '13:30:00', '2026-03-16 11:34:34'),
(10190, 22, 1, '2026-05-03', '23:00:00', '2026-03-16 11:34:34'),
(10191, 22, 2, '2026-05-03', '11:00:00', '2026-03-16 11:34:34'),
(10192, 22, 1, '2026-05-03', '10:00:00', '2026-03-16 11:34:34'),
(10193, 22, 2, '2026-05-03', '22:00:00', '2026-03-16 11:34:34'),
(10194, 7, 1, '2026-05-03', '15:00:00', '2026-03-16 11:34:34'),
(10195, 7, 2, '2026-05-03', '10:00:00', '2026-03-16 11:34:34'),
(10196, 7, 1, '2026-05-03', '17:30:00', '2026-03-16 11:34:34'),
(10197, 7, 2, '2026-05-03', '17:00:00', '2026-03-16 11:34:34'),
(10198, 55, 1, '2026-05-04', '18:30:00', '2026-03-16 11:34:34'),
(10199, 55, 2, '2026-05-04', '14:00:00', '2026-03-16 11:34:34'),
(10200, 55, 1, '2026-05-04', '16:00:00', '2026-03-16 11:34:34'),
(10201, 55, 2, '2026-05-04', '21:00:00', '2026-03-16 11:34:34'),
(10202, 41, 1, '2026-05-04', '14:30:00', '2026-03-16 11:34:34'),
(10203, 41, 2, '2026-05-04', '16:30:00', '2026-03-16 11:34:34'),
(10204, 41, 1, '2026-05-04', '22:30:00', '2026-03-16 11:34:34'),
(10205, 41, 2, '2026-05-04', '17:30:00', '2026-03-16 11:34:34'),
(10206, 103, 1, '2026-05-04', '12:30:00', '2026-03-16 11:34:34'),
(10207, 103, 2, '2026-05-04', '10:30:00', '2026-03-16 11:34:34'),
(10208, 103, 1, '2026-05-04', '23:30:00', '2026-03-16 11:34:34'),
(10209, 103, 2, '2026-05-04', '14:30:00', '2026-03-16 11:34:34'),
(10210, 103, 1, '2026-05-04', '22:00:00', '2026-03-16 11:34:34'),
(10211, 18, 1, '2026-05-04', '14:00:00', '2026-03-16 11:34:34'),
(10212, 18, 2, '2026-05-04', '18:30:00', '2026-03-16 11:34:34'),
(10213, 18, 1, '2026-05-04', '20:00:00', '2026-03-16 11:34:34'),
(10214, 18, 2, '2026-05-04', '16:00:00', '2026-03-16 11:34:34'),
(10215, 32, 1, '2026-05-04', '13:00:00', '2026-03-16 11:34:34'),
(10216, 32, 2, '2026-05-04', '13:30:00', '2026-03-16 11:34:34'),
(10217, 32, 1, '2026-05-04', '21:00:00', '2026-03-16 11:34:34'),
(10218, 32, 2, '2026-05-04', '13:00:00', '2026-03-16 11:34:34'),
(10219, 32, 1, '2026-05-04', '10:30:00', '2026-03-16 11:34:34'),
(10220, 36, 1, '2026-05-04', '21:30:00', '2026-03-16 11:34:34'),
(10221, 36, 2, '2026-05-04', '21:30:00', '2026-03-16 11:34:34'),
(10222, 36, 1, '2026-05-04', '23:00:00', '2026-03-16 11:34:34'),
(10223, 36, 2, '2026-05-04', '15:00:00', '2026-03-16 11:34:34'),
(10224, 83, 1, '2026-05-04', '15:30:00', '2026-03-16 11:34:34'),
(10225, 83, 2, '2026-05-04', '11:30:00', '2026-03-16 11:34:34'),
(10226, 83, 1, '2026-05-04', '16:30:00', '2026-03-16 11:34:34'),
(10227, 83, 2, '2026-05-04', '15:30:00', '2026-03-16 11:34:34'),
(10228, 76, 1, '2026-05-05', '23:30:00', '2026-03-16 11:34:34'),
(10229, 76, 2, '2026-05-05', '22:30:00', '2026-03-16 11:34:34'),
(10230, 76, 1, '2026-05-05', '14:00:00', '2026-03-16 11:34:34'),
(10231, 76, 2, '2026-05-05', '11:30:00', '2026-03-16 11:34:34'),
(10232, 82, 1, '2026-05-05', '19:00:00', '2026-03-16 11:34:34'),
(10233, 82, 2, '2026-05-05', '17:00:00', '2026-03-16 11:34:34'),
(10234, 82, 1, '2026-05-05', '12:00:00', '2026-03-16 11:34:34'),
(10235, 82, 2, '2026-05-05', '12:30:00', '2026-03-16 11:34:34'),
(10236, 82, 1, '2026-05-05', '18:30:00', '2026-03-16 11:34:34'),
(10237, 98, 1, '2026-05-05', '19:30:00', '2026-03-16 11:34:34'),
(10238, 98, 2, '2026-05-05', '19:30:00', '2026-03-16 11:34:34'),
(10239, 98, 1, '2026-05-05', '15:00:00', '2026-03-16 11:34:34'),
(10240, 98, 2, '2026-05-05', '13:30:00', '2026-03-16 11:34:34'),
(10241, 98, 1, '2026-05-05', '22:00:00', '2026-03-16 11:34:34');
INSERT INTO `showtimes` (`showtime_id`, `movie_id`, `hall_id`, `show_date`, `show_time`, `created_at`) VALUES
(10242, 108, 1, '2026-05-05', '16:30:00', '2026-03-16 11:34:34'),
(10243, 108, 2, '2026-05-05', '23:30:00', '2026-03-16 11:34:34'),
(10244, 108, 1, '2026-05-05', '15:30:00', '2026-03-16 11:34:34'),
(10245, 108, 2, '2026-05-05', '15:30:00', '2026-03-16 11:34:34'),
(10246, 84, 1, '2026-05-05', '22:30:00', '2026-03-16 11:34:34'),
(10247, 84, 2, '2026-05-05', '21:30:00', '2026-03-16 11:34:34'),
(10248, 84, 1, '2026-05-05', '13:00:00', '2026-03-16 11:34:34'),
(10249, 84, 2, '2026-05-05', '12:00:00', '2026-03-16 11:34:34'),
(10250, 88, 1, '2026-05-05', '18:00:00', '2026-03-16 11:34:34'),
(10251, 88, 2, '2026-05-05', '17:30:00', '2026-03-16 11:34:34'),
(10252, 88, 1, '2026-05-05', '17:00:00', '2026-03-16 11:34:34'),
(10253, 88, 2, '2026-05-05', '20:00:00', '2026-03-16 11:34:34'),
(10254, 83, 1, '2026-05-05', '12:30:00', '2026-03-16 11:34:34'),
(10255, 83, 2, '2026-05-05', '18:30:00', '2026-03-16 11:34:34'),
(10256, 83, 1, '2026-05-05', '10:00:00', '2026-03-16 11:34:34'),
(10257, 83, 2, '2026-05-05', '23:00:00', '2026-03-16 11:34:34'),
(10258, 2, 1, '2026-05-06', '21:30:00', '2026-03-16 11:34:34'),
(10259, 2, 2, '2026-05-06', '11:30:00', '2026-03-16 11:34:34'),
(10260, 2, 1, '2026-05-06', '13:00:00', '2026-03-16 11:34:34'),
(10261, 2, 2, '2026-05-06', '13:00:00', '2026-03-16 11:34:34'),
(10262, 32, 1, '2026-05-06', '21:00:00', '2026-03-16 11:34:34'),
(10263, 32, 2, '2026-05-06', '16:00:00', '2026-03-16 11:34:34'),
(10264, 32, 1, '2026-05-06', '15:00:00', '2026-03-16 11:34:34'),
(10265, 32, 2, '2026-05-06', '21:30:00', '2026-03-16 11:34:34'),
(10266, 6, 1, '2026-05-06', '18:00:00', '2026-03-16 11:34:34'),
(10267, 6, 2, '2026-05-06', '10:00:00', '2026-03-16 11:34:34'),
(10268, 6, 1, '2026-05-06', '22:30:00', '2026-03-16 11:34:34'),
(10269, 6, 2, '2026-05-06', '15:00:00', '2026-03-16 11:34:34'),
(10270, 61, 1, '2026-05-06', '15:30:00', '2026-03-16 11:34:34'),
(10271, 61, 2, '2026-05-06', '22:00:00', '2026-03-16 11:34:34'),
(10272, 61, 1, '2026-05-06', '20:30:00', '2026-03-16 11:34:34'),
(10273, 61, 2, '2026-05-06', '19:30:00', '2026-03-16 11:34:34'),
(10274, 61, 1, '2026-05-06', '23:30:00', '2026-03-16 11:34:34'),
(10275, 47, 1, '2026-05-06', '11:00:00', '2026-03-16 11:34:34'),
(10276, 47, 2, '2026-05-06', '12:00:00', '2026-03-16 11:34:34'),
(10277, 47, 1, '2026-05-06', '18:30:00', '2026-03-16 11:34:34'),
(10278, 47, 2, '2026-05-06', '18:30:00', '2026-03-16 11:34:34'),
(10279, 50, 1, '2026-05-06', '16:00:00', '2026-03-16 11:34:34'),
(10280, 50, 2, '2026-05-06', '12:30:00', '2026-03-16 11:34:34'),
(10281, 50, 1, '2026-05-06', '14:00:00', '2026-03-16 11:34:34'),
(10282, 50, 2, '2026-05-06', '20:30:00', '2026-03-16 11:34:34'),
(10283, 50, 1, '2026-05-06', '17:30:00', '2026-03-16 11:34:34'),
(10284, 31, 1, '2026-05-07', '20:00:00', '2026-03-16 11:34:34'),
(10285, 31, 2, '2026-05-07', '10:30:00', '2026-03-16 11:34:34'),
(10286, 31, 1, '2026-05-07', '22:00:00', '2026-03-16 11:34:34'),
(10287, 31, 2, '2026-05-07', '12:00:00', '2026-03-16 11:34:34'),
(10288, 54, 1, '2026-05-07', '20:30:00', '2026-03-16 11:34:34'),
(10289, 54, 2, '2026-05-07', '22:00:00', '2026-03-16 11:34:34'),
(10290, 54, 1, '2026-05-07', '19:30:00', '2026-03-16 11:34:34'),
(10291, 54, 2, '2026-05-07', '16:00:00', '2026-03-16 11:34:34'),
(10292, 63, 1, '2026-05-07', '14:30:00', '2026-03-16 11:34:34'),
(10293, 63, 2, '2026-05-07', '15:00:00', '2026-03-16 11:34:34'),
(10294, 63, 1, '2026-05-07', '17:00:00', '2026-03-16 11:34:34'),
(10295, 63, 2, '2026-05-07', '18:30:00', '2026-03-16 11:34:34'),
(10296, 63, 1, '2026-05-07', '21:00:00', '2026-03-16 11:34:34'),
(10297, 8, 1, '2026-05-07', '23:00:00', '2026-03-16 11:34:34'),
(10298, 8, 2, '2026-05-07', '20:00:00', '2026-03-16 11:34:34'),
(10299, 8, 1, '2026-05-07', '12:00:00', '2026-03-16 11:34:34'),
(10300, 8, 2, '2026-05-07', '21:00:00', '2026-03-16 11:34:34'),
(10301, 8, 1, '2026-05-07', '17:30:00', '2026-03-16 11:34:34'),
(10302, 19, 1, '2026-05-07', '18:30:00', '2026-03-16 11:34:34'),
(10303, 19, 2, '2026-05-07', '12:30:00', '2026-03-16 11:34:34'),
(10304, 19, 1, '2026-05-07', '13:00:00', '2026-03-16 11:34:34'),
(10305, 19, 2, '2026-05-07', '14:00:00', '2026-03-16 11:34:34'),
(10306, 19, 1, '2026-05-07', '10:00:00', '2026-03-16 11:34:34'),
(10307, 92, 1, '2026-05-07', '22:30:00', '2026-03-16 11:34:34'),
(10308, 92, 2, '2026-05-07', '11:30:00', '2026-03-16 11:34:34'),
(10309, 92, 1, '2026-05-07', '16:00:00', '2026-03-16 11:34:34'),
(10310, 92, 2, '2026-05-07', '16:30:00', '2026-03-16 11:34:34'),
(10311, 36, 1, '2026-05-07', '23:30:00', '2026-03-16 11:34:34'),
(10312, 36, 2, '2026-05-07', '18:00:00', '2026-03-16 11:34:34'),
(10313, 36, 1, '2026-05-07', '12:30:00', '2026-03-16 11:34:34'),
(10314, 36, 2, '2026-05-07', '10:00:00', '2026-03-16 11:34:34'),
(10315, 12, 1, '2026-05-07', '10:30:00', '2026-03-16 11:34:34'),
(10316, 12, 2, '2026-05-07', '11:00:00', '2026-03-16 11:34:34'),
(10317, 12, 1, '2026-05-07', '18:00:00', '2026-03-16 11:34:34'),
(10318, 12, 2, '2026-05-07', '20:30:00', '2026-03-16 11:34:34'),
(10319, 51, 1, '2026-05-08', '11:30:00', '2026-03-16 11:34:34'),
(10320, 51, 2, '2026-05-08', '17:30:00', '2026-03-16 11:34:34'),
(10321, 51, 1, '2026-05-08', '18:30:00', '2026-03-16 11:34:34'),
(10322, 51, 2, '2026-05-08', '18:00:00', '2026-03-16 11:34:34'),
(10323, 66, 1, '2026-05-08', '22:00:00', '2026-03-16 11:34:34'),
(10324, 66, 2, '2026-05-08', '22:30:00', '2026-03-16 11:34:34'),
(10325, 66, 1, '2026-05-08', '18:00:00', '2026-03-16 11:34:34'),
(10326, 66, 2, '2026-05-08', '14:00:00', '2026-03-16 11:34:34'),
(10327, 7, 1, '2026-05-08', '23:30:00', '2026-03-16 11:34:34'),
(10328, 7, 2, '2026-05-08', '19:00:00', '2026-03-16 11:34:34'),
(10329, 7, 1, '2026-05-08', '10:00:00', '2026-03-16 11:34:34'),
(10330, 7, 2, '2026-05-08', '21:00:00', '2026-03-16 11:34:34'),
(10331, 7, 1, '2026-05-08', '20:30:00', '2026-03-16 11:34:34'),
(10332, 87, 1, '2026-05-08', '19:30:00', '2026-03-16 11:34:34'),
(10333, 87, 2, '2026-05-08', '19:30:00', '2026-03-16 11:34:34'),
(10334, 87, 1, '2026-05-08', '21:00:00', '2026-03-16 11:34:34'),
(10335, 87, 2, '2026-05-08', '20:00:00', '2026-03-16 11:34:34'),
(10336, 87, 1, '2026-05-08', '17:30:00', '2026-03-16 11:34:34'),
(10337, 39, 1, '2026-05-08', '12:30:00', '2026-03-16 11:34:34'),
(10338, 39, 2, '2026-05-08', '10:00:00', '2026-03-16 11:34:34'),
(10339, 39, 1, '2026-05-08', '15:30:00', '2026-03-16 11:34:34'),
(10340, 39, 2, '2026-05-08', '20:30:00', '2026-03-16 11:34:34'),
(10341, 34, 1, '2026-05-08', '13:00:00', '2026-03-16 11:34:34'),
(10342, 34, 2, '2026-05-08', '11:00:00', '2026-03-16 11:34:34'),
(10343, 34, 1, '2026-05-08', '22:30:00', '2026-03-16 11:34:34'),
(10344, 34, 2, '2026-05-08', '16:00:00', '2026-03-16 11:34:34'),
(10345, 106, 1, '2026-05-08', '17:00:00', '2026-03-16 11:34:34'),
(10346, 106, 2, '2026-05-08', '10:30:00', '2026-03-16 11:34:34'),
(10347, 106, 1, '2026-05-08', '15:00:00', '2026-03-16 11:34:34'),
(10348, 106, 2, '2026-05-08', '23:30:00', '2026-03-16 11:34:34'),
(10349, 106, 1, '2026-05-08', '14:00:00', '2026-03-16 11:34:34'),
(10350, 12, 1, '2026-05-09', '12:30:00', '2026-03-16 11:34:34'),
(10351, 12, 2, '2026-05-09', '14:00:00', '2026-03-16 11:34:34'),
(10352, 12, 1, '2026-05-09', '14:00:00', '2026-03-16 11:34:34'),
(10353, 12, 2, '2026-05-09', '23:00:00', '2026-03-16 11:34:34'),
(10354, 36, 1, '2026-05-09', '18:30:00', '2026-03-16 11:34:34'),
(10355, 36, 2, '2026-05-09', '20:30:00', '2026-03-16 11:34:34'),
(10356, 36, 1, '2026-05-09', '17:30:00', '2026-03-16 11:34:34'),
(10357, 36, 2, '2026-05-09', '18:00:00', '2026-03-16 11:34:34'),
(10358, 50, 1, '2026-05-09', '15:00:00', '2026-03-16 11:34:34'),
(10359, 50, 2, '2026-05-09', '15:00:00', '2026-03-16 11:34:34'),
(10360, 50, 1, '2026-05-09', '16:30:00', '2026-03-16 11:34:34'),
(10361, 50, 2, '2026-05-09', '14:30:00', '2026-03-16 11:34:34'),
(10362, 50, 1, '2026-05-09', '19:00:00', '2026-03-16 11:34:34'),
(10363, 18, 1, '2026-05-09', '20:00:00', '2026-03-16 11:34:34'),
(10364, 18, 2, '2026-05-09', '18:30:00', '2026-03-16 11:34:34'),
(10365, 18, 1, '2026-05-09', '21:30:00', '2026-03-16 11:34:34'),
(10366, 18, 2, '2026-05-09', '11:30:00', '2026-03-16 11:34:34'),
(10367, 18, 1, '2026-05-09', '18:00:00', '2026-03-16 11:34:34'),
(10368, 54, 1, '2026-05-09', '21:00:00', '2026-03-16 11:34:34'),
(10369, 54, 2, '2026-05-09', '20:00:00', '2026-03-16 11:34:34'),
(10370, 54, 1, '2026-05-09', '20:30:00', '2026-03-16 11:34:34'),
(10371, 54, 2, '2026-05-09', '22:00:00', '2026-03-16 11:34:34'),
(10372, 54, 1, '2026-05-09', '19:30:00', '2026-03-16 11:34:34'),
(10373, 26, 1, '2026-05-09', '17:00:00', '2026-03-16 11:34:34'),
(10374, 26, 2, '2026-05-09', '13:30:00', '2026-03-16 11:34:34'),
(10375, 26, 1, '2026-05-09', '14:30:00', '2026-03-16 11:34:34'),
(10376, 26, 2, '2026-05-09', '19:30:00', '2026-03-16 11:34:34'),
(10377, 26, 1, '2026-05-09', '11:00:00', '2026-03-16 11:34:34'),
(10378, 29, 1, '2026-05-10', '12:00:00', '2026-03-16 11:34:34'),
(10379, 29, 2, '2026-05-10', '13:00:00', '2026-03-16 11:34:34'),
(10380, 29, 1, '2026-05-10', '18:30:00', '2026-03-16 11:34:34'),
(10381, 29, 2, '2026-05-10', '23:30:00', '2026-03-16 11:34:34'),
(10382, 3, 1, '2026-05-10', '19:30:00', '2026-03-16 11:34:34'),
(10383, 3, 2, '2026-05-10', '20:30:00', '2026-03-16 11:34:34'),
(10384, 3, 1, '2026-05-10', '17:00:00', '2026-03-16 11:34:34'),
(10385, 3, 2, '2026-05-10', '17:30:00', '2026-03-16 11:34:34'),
(10386, 3, 1, '2026-05-10', '13:00:00', '2026-03-16 11:34:34'),
(10387, 68, 1, '2026-05-10', '23:30:00', '2026-03-16 11:34:34'),
(10388, 68, 2, '2026-05-10', '18:00:00', '2026-03-16 11:34:34'),
(10389, 68, 1, '2026-05-10', '16:30:00', '2026-03-16 11:34:34'),
(10390, 68, 2, '2026-05-10', '19:30:00', '2026-03-16 11:34:34'),
(10391, 62, 1, '2026-05-10', '17:30:00', '2026-03-16 11:34:34'),
(10392, 62, 2, '2026-05-10', '10:30:00', '2026-03-16 11:34:34'),
(10393, 62, 1, '2026-05-10', '11:00:00', '2026-03-16 11:34:34'),
(10394, 62, 2, '2026-05-10', '12:00:00', '2026-03-16 11:34:34'),
(10395, 62, 1, '2026-05-10', '11:30:00', '2026-03-16 11:34:34'),
(10396, 1, 1, '2026-05-10', '14:30:00', '2026-03-16 11:34:34'),
(10397, 1, 2, '2026-05-10', '14:00:00', '2026-03-16 11:34:34'),
(10398, 1, 1, '2026-05-10', '20:30:00', '2026-03-16 11:34:34'),
(10399, 1, 2, '2026-05-10', '20:00:00', '2026-03-16 11:34:34'),
(10400, 43, 1, '2026-05-10', '22:30:00', '2026-03-16 11:34:34'),
(10401, 43, 2, '2026-05-10', '11:30:00', '2026-03-16 11:34:34'),
(10402, 43, 1, '2026-05-10', '23:00:00', '2026-03-16 11:34:34'),
(10403, 43, 2, '2026-05-10', '16:30:00', '2026-03-16 11:34:34'),
(10404, 79, 1, '2026-05-10', '21:30:00', '2026-03-16 11:34:34'),
(10405, 79, 2, '2026-05-10', '11:00:00', '2026-03-16 11:34:34'),
(10406, 79, 1, '2026-05-10', '10:30:00', '2026-03-16 11:34:34'),
(10407, 79, 2, '2026-05-10', '17:00:00', '2026-03-16 11:34:34'),
(10408, 26, 1, '2026-05-10', '21:00:00', '2026-03-16 11:34:34'),
(10409, 26, 2, '2026-05-10', '14:30:00', '2026-03-16 11:34:34'),
(10410, 26, 1, '2026-05-10', '20:00:00', '2026-03-16 11:34:34'),
(10411, 26, 2, '2026-05-10', '18:30:00', '2026-03-16 11:34:34'),
(10412, 82, 1, '2026-05-11', '10:30:00', '2026-03-16 11:34:34'),
(10413, 82, 2, '2026-05-11', '22:00:00', '2026-03-16 11:34:34'),
(10414, 82, 1, '2026-05-11', '19:30:00', '2026-03-16 11:34:34'),
(10415, 82, 2, '2026-05-11', '18:00:00', '2026-03-16 11:34:34'),
(10416, 82, 1, '2026-05-11', '10:00:00', '2026-03-16 11:34:34'),
(10417, 12, 1, '2026-05-11', '22:30:00', '2026-03-16 11:34:34'),
(10418, 12, 2, '2026-05-11', '15:30:00', '2026-03-16 11:34:34'),
(10419, 12, 1, '2026-05-11', '20:00:00', '2026-03-16 11:34:34'),
(10420, 12, 2, '2026-05-11', '13:00:00', '2026-03-16 11:34:34'),
(10421, 12, 1, '2026-05-11', '12:00:00', '2026-03-16 11:34:34'),
(10422, 107, 1, '2026-05-11', '14:00:00', '2026-03-16 11:34:34'),
(10423, 107, 2, '2026-05-11', '20:00:00', '2026-03-16 11:34:34'),
(10424, 107, 1, '2026-05-11', '16:30:00', '2026-03-16 11:34:34'),
(10425, 107, 2, '2026-05-11', '11:00:00', '2026-03-16 11:34:34'),
(10426, 91, 1, '2026-05-11', '12:30:00', '2026-03-16 11:34:34'),
(10427, 91, 2, '2026-05-11', '14:00:00', '2026-03-16 11:34:34'),
(10428, 91, 1, '2026-05-11', '13:30:00', '2026-03-16 11:34:34'),
(10429, 91, 2, '2026-05-11', '13:30:00', '2026-03-16 11:34:34'),
(10430, 91, 1, '2026-05-11', '17:30:00', '2026-03-16 11:34:34'),
(10431, 86, 1, '2026-05-11', '13:00:00', '2026-03-16 11:34:34'),
(10432, 86, 2, '2026-05-11', '18:30:00', '2026-03-16 11:34:34'),
(10433, 86, 1, '2026-05-11', '21:00:00', '2026-03-16 11:34:34'),
(10434, 86, 2, '2026-05-11', '16:30:00', '2026-03-16 11:34:34'),
(10435, 94, 1, '2026-05-11', '17:00:00', '2026-03-16 11:34:34'),
(10436, 94, 2, '2026-05-11', '17:30:00', '2026-03-16 11:34:34'),
(10437, 94, 1, '2026-05-11', '21:30:00', '2026-03-16 11:34:34'),
(10438, 94, 2, '2026-05-11', '11:30:00', '2026-03-16 11:34:34'),
(10439, 71, 1, '2026-05-12', '23:00:00', '2026-03-16 11:34:34'),
(10440, 71, 2, '2026-05-12', '12:00:00', '2026-03-16 11:34:34'),
(10441, 71, 1, '2026-05-12', '20:00:00', '2026-03-16 11:34:34'),
(10442, 71, 2, '2026-05-12', '22:30:00', '2026-03-16 11:34:34'),
(10443, 93, 1, '2026-05-12', '15:00:00', '2026-03-16 11:34:34'),
(10444, 93, 2, '2026-05-12', '20:00:00', '2026-03-16 11:34:34'),
(10445, 93, 1, '2026-05-12', '12:00:00', '2026-03-16 11:34:34'),
(10446, 93, 2, '2026-05-12', '10:30:00', '2026-03-16 11:34:34'),
(10447, 94, 1, '2026-05-12', '23:30:00', '2026-03-16 11:34:34'),
(10448, 94, 2, '2026-05-12', '13:30:00', '2026-03-16 11:34:34'),
(10449, 94, 1, '2026-05-12', '22:30:00', '2026-03-16 11:34:34'),
(10450, 94, 2, '2026-05-12', '23:00:00', '2026-03-16 11:34:34'),
(10451, 70, 1, '2026-05-12', '14:30:00', '2026-03-16 11:34:34'),
(10452, 70, 2, '2026-05-12', '16:30:00', '2026-03-16 11:34:34'),
(10453, 70, 1, '2026-05-12', '21:30:00', '2026-03-16 11:34:34'),
(10454, 70, 2, '2026-05-12', '17:00:00', '2026-03-16 11:34:34'),
(10455, 70, 1, '2026-05-12', '13:30:00', '2026-03-16 11:34:34'),
(10456, 34, 1, '2026-05-12', '20:30:00', '2026-03-16 11:34:34'),
(10457, 34, 2, '2026-05-12', '20:30:00', '2026-03-16 11:34:34'),
(10458, 34, 1, '2026-05-12', '18:00:00', '2026-03-16 11:34:34'),
(10459, 34, 2, '2026-05-12', '14:30:00', '2026-03-16 11:34:34'),
(10460, 34, 1, '2026-05-12', '22:00:00', '2026-03-16 11:34:34'),
(10461, 85, 1, '2026-05-12', '18:30:00', '2026-03-16 11:34:34'),
(10462, 85, 2, '2026-05-12', '19:00:00', '2026-03-16 11:34:34'),
(10463, 85, 1, '2026-05-12', '13:00:00', '2026-03-16 11:34:34'),
(10464, 85, 2, '2026-05-12', '18:00:00', '2026-03-16 11:34:34'),
(10465, 37, 1, '2026-05-12', '19:30:00', '2026-03-16 11:34:34'),
(10466, 37, 2, '2026-05-12', '13:00:00', '2026-03-16 11:34:34'),
(10467, 37, 1, '2026-05-12', '17:30:00', '2026-03-16 11:34:34'),
(10468, 37, 2, '2026-05-12', '10:00:00', '2026-03-16 11:34:34'),
(10469, 39, 1, '2026-05-12', '19:00:00', '2026-03-16 11:34:34'),
(10470, 39, 2, '2026-05-12', '15:30:00', '2026-03-16 11:34:34'),
(10471, 39, 1, '2026-05-12', '12:30:00', '2026-03-16 11:34:34'),
(10472, 39, 2, '2026-05-12', '17:30:00', '2026-03-16 11:34:34'),
(10473, 39, 1, '2026-05-12', '16:30:00', '2026-03-16 11:34:34'),
(10474, 106, 1, '2026-05-13', '14:00:00', '2026-03-16 11:34:34'),
(10475, 106, 2, '2026-05-13', '18:00:00', '2026-03-16 11:34:34'),
(10476, 106, 1, '2026-05-13', '17:00:00', '2026-03-16 11:34:34'),
(10477, 106, 2, '2026-05-13', '16:30:00', '2026-03-16 11:34:34'),
(10478, 67, 1, '2026-05-13', '22:00:00', '2026-03-16 11:34:34'),
(10479, 67, 2, '2026-05-13', '22:30:00', '2026-03-16 11:34:34'),
(10480, 67, 1, '2026-05-13', '18:30:00', '2026-03-16 11:34:34'),
(10481, 67, 2, '2026-05-13', '17:30:00', '2026-03-16 11:34:34'),
(10482, 67, 1, '2026-05-13', '22:30:00', '2026-03-16 11:34:34'),
(10483, 54, 1, '2026-05-13', '21:00:00', '2026-03-16 11:34:34'),
(10484, 54, 2, '2026-05-13', '11:30:00', '2026-03-16 11:34:34'),
(10485, 54, 1, '2026-05-13', '19:00:00', '2026-03-16 11:34:34'),
(10486, 54, 2, '2026-05-13', '12:00:00', '2026-03-16 11:34:34'),
(10487, 54, 1, '2026-05-13', '15:30:00', '2026-03-16 11:34:34'),
(10488, 69, 1, '2026-05-13', '18:00:00', '2026-03-16 11:34:34'),
(10489, 69, 2, '2026-05-13', '13:00:00', '2026-03-16 11:34:34'),
(10490, 69, 1, '2026-05-13', '23:00:00', '2026-03-16 11:34:34'),
(10491, 69, 2, '2026-05-13', '21:30:00', '2026-03-16 11:34:34'),
(10492, 88, 1, '2026-05-13', '16:00:00', '2026-03-16 11:34:34'),
(10493, 88, 2, '2026-05-13', '19:00:00', '2026-03-16 11:34:34'),
(10494, 88, 1, '2026-05-13', '13:30:00', '2026-03-16 11:34:34'),
(10495, 88, 2, '2026-05-13', '20:30:00', '2026-03-16 11:34:34'),
(10496, 88, 1, '2026-05-13', '10:30:00', '2026-03-16 11:34:34'),
(10497, 61, 1, '2026-05-13', '12:00:00', '2026-03-16 11:34:34'),
(10498, 61, 2, '2026-05-13', '15:00:00', '2026-03-16 11:34:34'),
(10499, 61, 1, '2026-05-13', '15:00:00', '2026-03-16 11:34:34'),
(10500, 61, 2, '2026-05-13', '22:00:00', '2026-03-16 11:34:34'),
(10501, 74, 1, '2026-05-13', '12:30:00', '2026-03-16 11:34:34'),
(10502, 74, 2, '2026-05-13', '11:00:00', '2026-03-16 11:34:34'),
(10503, 74, 1, '2026-05-13', '21:30:00', '2026-03-16 11:34:34'),
(10504, 74, 2, '2026-05-13', '10:00:00', '2026-03-16 11:34:34'),
(10505, 52, 1, '2026-05-14', '10:00:00', '2026-03-16 11:34:34'),
(10506, 52, 2, '2026-05-14', '15:30:00', '2026-03-16 11:34:34'),
(10507, 52, 1, '2026-05-14', '15:30:00', '2026-03-16 11:34:34'),
(10508, 52, 2, '2026-05-14', '13:30:00', '2026-03-16 11:34:34'),
(10509, 52, 1, '2026-05-14', '13:30:00', '2026-03-16 11:34:34'),
(10510, 19, 1, '2026-05-14', '16:00:00', '2026-03-16 11:34:34'),
(10511, 19, 2, '2026-05-14', '23:00:00', '2026-03-16 11:34:34'),
(10512, 19, 1, '2026-05-14', '17:30:00', '2026-03-16 11:34:34'),
(10513, 19, 2, '2026-05-14', '15:00:00', '2026-03-16 11:34:34'),
(10514, 19, 1, '2026-05-14', '22:30:00', '2026-03-16 11:34:34'),
(10515, 80, 1, '2026-05-14', '23:30:00', '2026-03-16 11:34:34'),
(10516, 80, 2, '2026-05-14', '16:00:00', '2026-03-16 11:34:34'),
(10517, 80, 1, '2026-05-14', '14:00:00', '2026-03-16 11:34:34'),
(10518, 80, 2, '2026-05-14', '17:30:00', '2026-03-16 11:34:34'),
(10519, 78, 1, '2026-05-14', '19:30:00', '2026-03-16 11:34:34'),
(10520, 78, 2, '2026-05-14', '11:00:00', '2026-03-16 11:34:34'),
(10521, 78, 1, '2026-05-14', '21:30:00', '2026-03-16 11:34:34'),
(10522, 78, 2, '2026-05-14', '13:00:00', '2026-03-16 11:34:34'),
(10523, 88, 1, '2026-05-14', '20:00:00', '2026-03-16 11:34:34'),
(10524, 88, 2, '2026-05-14', '12:30:00', '2026-03-16 11:34:34'),
(10525, 88, 1, '2026-05-14', '14:30:00', '2026-03-16 11:34:34'),
(10526, 88, 2, '2026-05-14', '14:00:00', '2026-03-16 11:34:34'),
(10527, 88, 1, '2026-05-14', '18:30:00', '2026-03-16 11:34:34'),
(10528, 89, 1, '2026-05-14', '15:00:00', '2026-03-16 11:34:34'),
(10529, 89, 2, '2026-05-14', '20:30:00', '2026-03-16 11:34:34'),
(10530, 89, 1, '2026-05-14', '18:00:00', '2026-03-16 11:34:34'),
(10531, 89, 2, '2026-05-14', '22:00:00', '2026-03-16 11:34:34'),
(10532, 89, 1, '2026-05-14', '20:30:00', '2026-03-16 11:34:34'),
(10533, 5, 1, '2026-05-14', '19:00:00', '2026-03-16 11:34:34'),
(10534, 5, 2, '2026-05-14', '14:30:00', '2026-03-16 11:34:34'),
(10535, 5, 1, '2026-05-14', '11:00:00', '2026-03-16 11:34:34'),
(10536, 5, 2, '2026-05-14', '10:30:00', '2026-03-16 11:34:34'),
(10537, 5, 1, '2026-05-14', '16:30:00', '2026-03-16 11:34:34'),
(10538, 4, 1, '2026-05-15', '16:00:00', '2026-03-16 11:34:34'),
(10539, 4, 2, '2026-05-15', '17:30:00', '2026-03-16 11:34:34'),
(10540, 4, 1, '2026-05-15', '18:00:00', '2026-03-16 11:34:34'),
(10541, 4, 2, '2026-05-15', '15:30:00', '2026-03-16 11:34:34'),
(10542, 4, 1, '2026-05-15', '23:30:00', '2026-03-16 11:34:34'),
(10543, 31, 1, '2026-05-15', '11:00:00', '2026-03-16 11:34:34'),
(10544, 31, 2, '2026-05-15', '23:30:00', '2026-03-16 11:34:34'),
(10545, 31, 1, '2026-05-15', '12:30:00', '2026-03-16 11:34:34'),
(10546, 31, 2, '2026-05-15', '21:30:00', '2026-03-16 11:34:34'),
(10547, 31, 1, '2026-05-15', '21:00:00', '2026-03-16 11:34:34'),
(10548, 48, 1, '2026-05-15', '16:30:00', '2026-03-16 11:34:34'),
(10549, 48, 2, '2026-05-15', '14:00:00', '2026-03-16 11:34:34'),
(10550, 48, 1, '2026-05-15', '19:30:00', '2026-03-16 11:34:34'),
(10551, 48, 2, '2026-05-15', '23:00:00', '2026-03-16 11:34:34'),
(10552, 63, 1, '2026-05-15', '20:00:00', '2026-03-16 11:34:34'),
(10553, 63, 2, '2026-05-15', '20:30:00', '2026-03-16 11:34:34'),
(10554, 63, 1, '2026-05-15', '10:30:00', '2026-03-16 11:34:34'),
(10555, 63, 2, '2026-05-15', '15:00:00', '2026-03-16 11:34:34'),
(10556, 63, 1, '2026-05-15', '20:30:00', '2026-03-16 11:34:34'),
(10557, 77, 1, '2026-05-15', '18:30:00', '2026-03-16 11:34:34'),
(10558, 77, 2, '2026-05-15', '22:30:00', '2026-03-16 11:34:34'),
(10559, 77, 1, '2026-05-15', '13:00:00', '2026-03-16 11:34:34'),
(10560, 77, 2, '2026-05-15', '17:00:00', '2026-03-16 11:34:34'),
(10561, 58, 1, '2026-05-15', '15:30:00', '2026-03-16 11:34:34'),
(10562, 58, 2, '2026-05-15', '20:00:00', '2026-03-16 11:34:34'),
(10563, 58, 1, '2026-05-15', '19:00:00', '2026-03-16 11:34:34'),
(10564, 58, 2, '2026-05-15', '16:30:00', '2026-03-16 11:34:34'),
(10565, 58, 1, '2026-05-15', '23:00:00', '2026-03-16 11:34:34'),
(10566, 23, 1, '2026-05-15', '17:00:00', '2026-03-16 11:34:34'),
(10567, 23, 2, '2026-05-15', '13:30:00', '2026-03-16 11:34:34'),
(10568, 23, 1, '2026-05-15', '21:30:00', '2026-03-16 11:34:34'),
(10569, 23, 2, '2026-05-15', '19:30:00', '2026-03-16 11:34:34'),
(10570, 61, 1, '2026-05-15', '12:00:00', '2026-03-16 11:34:34'),
(10571, 61, 2, '2026-05-15', '11:30:00', '2026-03-16 11:34:34'),
(10572, 61, 1, '2026-05-15', '13:30:00', '2026-03-16 11:34:34'),
(10573, 61, 2, '2026-05-15', '10:30:00', '2026-03-16 11:34:34'),
(10574, 61, 1, '2026-05-15', '11:30:00', '2026-03-16 11:34:34'),
(10575, 82, 1, '2026-05-16', '23:00:00', '2026-03-16 11:34:34'),
(10576, 82, 2, '2026-05-16', '19:00:00', '2026-03-16 11:34:34'),
(10577, 82, 1, '2026-05-16', '19:30:00', '2026-03-16 11:34:34'),
(10578, 82, 2, '2026-05-16', '21:30:00', '2026-03-16 11:34:34'),
(10579, 42, 1, '2026-05-16', '11:30:00', '2026-03-16 11:34:34'),
(10580, 42, 2, '2026-05-16', '13:30:00', '2026-03-16 11:34:34'),
(10581, 42, 1, '2026-05-16', '14:30:00', '2026-03-16 11:34:34'),
(10582, 42, 2, '2026-05-16', '11:30:00', '2026-03-16 11:34:34'),
(10583, 36, 1, '2026-05-16', '23:30:00', '2026-03-16 11:34:34'),
(10584, 36, 2, '2026-05-16', '17:30:00', '2026-03-16 11:34:34'),
(10585, 36, 1, '2026-05-16', '15:30:00', '2026-03-16 11:34:34'),
(10586, 36, 2, '2026-05-16', '18:30:00', '2026-03-16 11:34:34'),
(10587, 34, 1, '2026-05-16', '12:00:00', '2026-03-16 11:34:34'),
(10588, 34, 2, '2026-05-16', '11:00:00', '2026-03-16 11:34:34'),
(10589, 34, 1, '2026-05-16', '22:30:00', '2026-03-16 11:34:34'),
(10590, 34, 2, '2026-05-16', '12:00:00', '2026-03-16 11:34:34'),
(10591, 84, 1, '2026-05-16', '11:00:00', '2026-03-16 11:34:34'),
(10592, 84, 2, '2026-05-16', '20:30:00', '2026-03-16 11:34:34'),
(10593, 84, 1, '2026-05-16', '20:30:00', '2026-03-16 11:34:34'),
(10594, 84, 2, '2026-05-16', '12:30:00', '2026-03-16 11:34:34'),
(10595, 84, 1, '2026-05-16', '17:30:00', '2026-03-16 11:34:34'),
(10596, 92, 1, '2026-05-16', '15:00:00', '2026-03-16 11:34:34'),
(10597, 92, 2, '2026-05-16', '15:00:00', '2026-03-16 11:34:34'),
(10598, 92, 1, '2026-05-16', '17:00:00', '2026-03-16 11:34:34'),
(10599, 92, 2, '2026-05-16', '19:30:00', '2026-03-16 11:34:34'),
(10600, 92, 1, '2026-05-16', '16:00:00', '2026-03-16 11:34:34'),
(10601, 39, 1, '2026-05-16', '18:30:00', '2026-03-16 11:34:34'),
(10602, 39, 2, '2026-05-16', '10:00:00', '2026-03-16 11:34:34'),
(10603, 39, 1, '2026-05-16', '10:00:00', '2026-03-16 11:34:34'),
(10604, 39, 2, '2026-05-16', '10:30:00', '2026-03-16 11:34:34'),
(10605, 25, 1, '2026-05-17', '11:00:00', '2026-03-16 11:34:34'),
(10606, 25, 2, '2026-05-17', '10:30:00', '2026-03-16 11:34:34'),
(10607, 25, 1, '2026-05-17', '23:00:00', '2026-03-16 11:34:34'),
(10608, 25, 2, '2026-05-17', '22:00:00', '2026-03-16 11:34:34'),
(10609, 25, 1, '2026-05-17', '11:30:00', '2026-03-16 11:34:34'),
(10610, 65, 1, '2026-05-17', '23:30:00', '2026-03-16 11:34:34'),
(10611, 65, 2, '2026-05-17', '19:30:00', '2026-03-16 11:34:34'),
(10612, 65, 1, '2026-05-17', '15:30:00', '2026-03-16 11:34:34'),
(10613, 65, 2, '2026-05-17', '21:00:00', '2026-03-16 11:34:34'),
(10614, 16, 1, '2026-05-17', '19:00:00', '2026-03-16 11:34:34'),
(10615, 16, 2, '2026-05-17', '11:30:00', '2026-03-16 11:34:34'),
(10616, 16, 1, '2026-05-17', '18:30:00', '2026-03-16 11:34:34'),
(10617, 16, 2, '2026-05-17', '10:00:00', '2026-03-16 11:34:34'),
(10618, 88, 1, '2026-05-17', '12:00:00', '2026-03-16 11:34:34'),
(10619, 88, 2, '2026-05-17', '17:00:00', '2026-03-16 11:34:34'),
(10620, 88, 1, '2026-05-17', '20:30:00', '2026-03-16 11:34:34'),
(10621, 88, 2, '2026-05-17', '18:00:00', '2026-03-16 11:34:34'),
(10622, 49, 1, '2026-05-17', '12:30:00', '2026-03-16 11:34:34'),
(10623, 49, 2, '2026-05-17', '20:00:00', '2026-03-16 11:34:34'),
(10624, 49, 1, '2026-05-17', '19:30:00', '2026-03-16 11:34:34'),
(10625, 49, 2, '2026-05-17', '23:30:00', '2026-03-16 11:34:34'),
(10626, 68, 1, '2026-05-17', '22:00:00', '2026-03-16 11:34:34'),
(10627, 68, 2, '2026-05-17', '23:00:00', '2026-03-16 11:34:34'),
(10628, 68, 1, '2026-05-17', '17:00:00', '2026-03-16 11:34:34'),
(10629, 68, 2, '2026-05-17', '16:30:00', '2026-03-16 11:34:34'),
(10630, 68, 1, '2026-05-17', '21:00:00', '2026-03-16 11:34:34'),
(10631, 39, 1, '2026-05-17', '18:00:00', '2026-03-16 11:34:34'),
(10632, 39, 2, '2026-05-17', '20:30:00', '2026-03-16 11:34:34'),
(10633, 39, 1, '2026-05-17', '13:30:00', '2026-03-16 11:34:34'),
(10634, 39, 2, '2026-05-17', '16:00:00', '2026-03-16 11:34:34'),
(10635, 39, 1, '2026-05-17', '15:00:00', '2026-03-16 11:34:34'),
(10636, 39, 1, '2026-05-18', '20:00:00', '2026-03-16 11:34:34'),
(10637, 39, 2, '2026-05-18', '13:30:00', '2026-03-16 11:34:34'),
(10638, 39, 1, '2026-05-18', '18:30:00', '2026-03-16 11:34:34'),
(10639, 39, 2, '2026-05-18', '21:30:00', '2026-03-16 11:34:34'),
(10640, 39, 1, '2026-05-18', '13:00:00', '2026-03-16 11:34:34'),
(10641, 38, 1, '2026-05-18', '23:30:00', '2026-03-16 11:34:34'),
(10642, 38, 2, '2026-05-18', '23:30:00', '2026-03-16 11:34:34'),
(10643, 38, 1, '2026-05-18', '16:00:00', '2026-03-16 11:34:34'),
(10644, 38, 2, '2026-05-18', '14:00:00', '2026-03-16 11:34:34'),
(10645, 38, 1, '2026-05-18', '16:30:00', '2026-03-16 11:34:34'),
(10646, 59, 1, '2026-05-18', '14:00:00', '2026-03-16 11:34:34'),
(10647, 59, 2, '2026-05-18', '17:00:00', '2026-03-16 11:34:34'),
(10648, 59, 1, '2026-05-18', '18:00:00', '2026-03-16 11:34:34'),
(10649, 59, 2, '2026-05-18', '14:30:00', '2026-03-16 11:34:34'),
(10650, 94, 1, '2026-05-18', '23:00:00', '2026-03-16 11:34:34'),
(10651, 94, 2, '2026-05-18', '16:30:00', '2026-03-16 11:34:34'),
(10652, 94, 1, '2026-05-18', '15:30:00', '2026-03-16 11:34:34'),
(10653, 94, 2, '2026-05-18', '22:00:00', '2026-03-16 11:34:34'),
(10654, 94, 1, '2026-05-18', '14:30:00', '2026-03-16 11:34:34'),
(10655, 67, 1, '2026-05-18', '20:30:00', '2026-03-16 11:34:34'),
(10656, 67, 2, '2026-05-18', '11:00:00', '2026-03-16 11:34:34'),
(10657, 67, 1, '2026-05-18', '11:30:00', '2026-03-16 11:34:34'),
(10658, 67, 2, '2026-05-18', '12:00:00', '2026-03-16 11:34:34'),
(10659, 67, 1, '2026-05-18', '22:30:00', '2026-03-16 11:34:34'),
(10660, 77, 1, '2026-05-18', '13:30:00', '2026-03-16 11:34:34'),
(10661, 77, 2, '2026-05-18', '12:30:00', '2026-03-16 11:34:34'),
(10662, 77, 1, '2026-05-18', '10:00:00', '2026-03-16 11:34:34'),
(10663, 77, 2, '2026-05-18', '23:00:00', '2026-03-16 11:34:34'),
(10664, 77, 1, '2026-05-18', '10:30:00', '2026-03-16 11:34:34'),
(10665, 64, 1, '2026-05-19', '10:30:00', '2026-03-16 11:34:34'),
(10666, 64, 2, '2026-05-19', '23:00:00', '2026-03-16 11:34:34'),
(10667, 64, 1, '2026-05-19', '11:00:00', '2026-03-16 11:34:34'),
(10668, 64, 2, '2026-05-19', '20:30:00', '2026-03-16 11:34:34'),
(10669, 26, 1, '2026-05-19', '17:30:00', '2026-03-16 11:34:34'),
(10670, 26, 2, '2026-05-19', '13:30:00', '2026-03-16 11:34:34'),
(10671, 26, 1, '2026-05-19', '23:30:00', '2026-03-16 11:34:34'),
(10672, 26, 2, '2026-05-19', '19:00:00', '2026-03-16 11:34:34'),
(10673, 26, 1, '2026-05-19', '17:00:00', '2026-03-16 11:34:34'),
(10674, 78, 1, '2026-05-19', '20:30:00', '2026-03-16 11:34:34'),
(10675, 78, 2, '2026-05-19', '18:00:00', '2026-03-16 11:34:34'),
(10676, 78, 1, '2026-05-19', '14:30:00', '2026-03-16 11:34:34'),
(10677, 78, 2, '2026-05-19', '12:30:00', '2026-03-16 11:34:34'),
(10678, 78, 1, '2026-05-19', '16:30:00', '2026-03-16 11:34:34'),
(10679, 101, 1, '2026-05-19', '14:00:00', '2026-03-16 11:34:34'),
(10680, 101, 2, '2026-05-19', '22:30:00', '2026-03-16 11:34:34'),
(10681, 101, 1, '2026-05-19', '20:00:00', '2026-03-16 11:34:34'),
(10682, 101, 2, '2026-05-19', '10:30:00', '2026-03-16 11:34:34'),
(10683, 101, 1, '2026-05-19', '19:30:00', '2026-03-16 11:34:34'),
(10684, 34, 1, '2026-05-19', '19:00:00', '2026-03-16 11:34:34'),
(10685, 34, 2, '2026-05-19', '19:30:00', '2026-03-16 11:34:34'),
(10686, 34, 1, '2026-05-19', '15:00:00', '2026-03-16 11:34:34'),
(10687, 34, 2, '2026-05-19', '11:00:00', '2026-03-16 11:34:34'),
(10688, 108, 1, '2026-05-19', '15:30:00', '2026-03-16 11:34:34'),
(10689, 108, 2, '2026-05-19', '15:30:00', '2026-03-16 11:34:34'),
(10690, 108, 1, '2026-05-19', '18:30:00', '2026-03-16 11:34:34'),
(10691, 108, 2, '2026-05-19', '21:30:00', '2026-03-16 11:34:34'),
(10692, 89, 1, '2026-05-20', '22:00:00', '2026-03-16 11:34:34'),
(10693, 89, 2, '2026-05-20', '16:00:00', '2026-03-16 11:34:34'),
(10694, 89, 1, '2026-05-20', '12:30:00', '2026-03-16 11:34:34'),
(10695, 89, 2, '2026-05-20', '11:00:00', '2026-03-16 11:34:34'),
(10696, 110, 1, '2026-05-20', '14:30:00', '2026-03-16 11:34:34'),
(10697, 110, 2, '2026-05-20', '13:00:00', '2026-03-16 11:34:34'),
(10698, 110, 1, '2026-05-20', '19:30:00', '2026-03-16 11:34:34'),
(10699, 110, 2, '2026-05-20', '21:00:00', '2026-03-16 11:34:34'),
(10700, 62, 1, '2026-05-20', '16:30:00', '2026-03-16 11:34:34'),
(10701, 62, 2, '2026-05-20', '19:30:00', '2026-03-16 11:34:34'),
(10702, 62, 1, '2026-05-20', '22:30:00', '2026-03-16 11:34:34'),
(10703, 62, 2, '2026-05-20', '18:30:00', '2026-03-16 11:34:34'),
(10704, 104, 1, '2026-05-20', '19:00:00', '2026-03-16 11:34:34'),
(10705, 104, 2, '2026-05-20', '22:00:00', '2026-03-16 11:34:34'),
(10706, 104, 1, '2026-05-20', '20:30:00', '2026-03-16 11:34:34'),
(10707, 104, 2, '2026-05-20', '14:00:00', '2026-03-16 11:34:34'),
(10708, 54, 1, '2026-05-20', '23:30:00', '2026-03-16 11:34:34'),
(10709, 54, 2, '2026-05-20', '21:30:00', '2026-03-16 11:34:34'),
(10710, 54, 1, '2026-05-20', '18:00:00', '2026-03-16 11:34:34'),
(10711, 54, 2, '2026-05-20', '19:00:00', '2026-03-16 11:34:34'),
(10712, 84, 1, '2026-05-20', '15:30:00', '2026-03-16 11:34:34'),
(10713, 84, 2, '2026-05-20', '18:00:00', '2026-03-16 11:34:34'),
(10714, 84, 1, '2026-05-20', '17:00:00', '2026-03-16 11:34:34'),
(10715, 84, 2, '2026-05-20', '22:30:00', '2026-03-16 11:34:34'),
(10716, 84, 1, '2026-05-20', '14:00:00', '2026-03-16 11:34:34'),
(10717, 22, 1, '2026-05-20', '16:00:00', '2026-03-16 11:34:34'),
(10718, 22, 2, '2026-05-20', '13:30:00', '2026-03-16 11:34:34'),
(10719, 22, 1, '2026-05-20', '10:30:00', '2026-03-16 11:34:34'),
(10720, 22, 2, '2026-05-20', '17:00:00', '2026-03-16 11:34:34'),
(10721, 22, 1, '2026-05-20', '12:00:00', '2026-03-16 11:34:34'),
(10722, 65, 1, '2026-05-21', '23:30:00', '2026-03-16 11:34:34'),
(10723, 65, 2, '2026-05-21', '17:00:00', '2026-03-16 11:34:34'),
(10724, 65, 1, '2026-05-21', '11:30:00', '2026-03-16 11:34:34'),
(10725, 65, 2, '2026-05-21', '23:00:00', '2026-03-16 11:34:34'),
(10726, 29, 1, '2026-05-21', '11:00:00', '2026-03-16 11:34:34'),
(10727, 29, 2, '2026-05-21', '12:30:00', '2026-03-16 11:34:34'),
(10728, 29, 1, '2026-05-21', '15:00:00', '2026-03-16 11:34:34'),
(10729, 29, 2, '2026-05-21', '14:30:00', '2026-03-16 11:34:34'),
(10730, 71, 1, '2026-05-21', '14:30:00', '2026-03-16 11:34:34'),
(10731, 71, 2, '2026-05-21', '19:00:00', '2026-03-16 11:34:34'),
(10732, 71, 1, '2026-05-21', '16:30:00', '2026-03-16 11:34:34'),
(10733, 71, 2, '2026-05-21', '22:00:00', '2026-03-16 11:34:34'),
(10734, 71, 1, '2026-05-21', '14:00:00', '2026-03-16 11:34:34'),
(10735, 83, 1, '2026-05-21', '20:00:00', '2026-03-16 11:34:34'),
(10736, 83, 2, '2026-05-21', '13:00:00', '2026-03-16 11:34:34'),
(10737, 83, 1, '2026-05-21', '21:30:00', '2026-03-16 11:34:34'),
(10738, 83, 2, '2026-05-21', '21:30:00', '2026-03-16 11:34:34'),
(10739, 83, 1, '2026-05-21', '18:30:00', '2026-03-16 11:34:34'),
(10740, 49, 1, '2026-05-21', '22:00:00', '2026-03-16 11:34:34'),
(10741, 49, 2, '2026-05-21', '18:30:00', '2026-03-16 11:34:34'),
(10742, 49, 1, '2026-05-21', '23:00:00', '2026-03-16 11:34:34'),
(10743, 49, 2, '2026-05-21', '20:30:00', '2026-03-16 11:34:34'),
(10744, 49, 1, '2026-05-21', '13:30:00', '2026-03-16 11:34:34'),
(10745, 52, 1, '2026-05-21', '13:00:00', '2026-03-16 11:34:34'),
(10746, 52, 2, '2026-05-21', '20:00:00', '2026-03-16 11:34:34'),
(10747, 52, 1, '2026-05-21', '10:30:00', '2026-03-16 11:34:34'),
(10748, 52, 2, '2026-05-21', '14:00:00', '2026-03-16 11:34:34'),
(10749, 96, 1, '2026-05-22', '22:00:00', '2026-03-16 11:34:34'),
(10750, 96, 2, '2026-05-22', '11:00:00', '2026-03-16 11:34:34'),
(10751, 96, 1, '2026-05-22', '21:00:00', '2026-03-16 11:34:34'),
(10752, 96, 2, '2026-05-22', '20:30:00', '2026-03-16 11:34:34'),
(10753, 93, 1, '2026-05-22', '22:30:00', '2026-03-16 11:34:34'),
(10754, 93, 2, '2026-05-22', '18:00:00', '2026-03-16 11:34:34'),
(10755, 93, 1, '2026-05-22', '11:00:00', '2026-03-16 11:34:34'),
(10756, 93, 2, '2026-05-22', '10:30:00', '2026-03-16 11:34:34'),
(10757, 93, 1, '2026-05-22', '13:30:00', '2026-03-16 11:34:34'),
(10758, 53, 1, '2026-05-22', '13:00:00', '2026-03-16 11:34:34'),
(10759, 53, 2, '2026-05-22', '13:00:00', '2026-03-16 11:34:34'),
(10760, 53, 1, '2026-05-22', '12:30:00', '2026-03-16 11:34:34'),
(10761, 53, 2, '2026-05-22', '19:00:00', '2026-03-16 11:34:34'),
(10762, 14, 1, '2026-05-22', '19:30:00', '2026-03-16 11:34:34'),
(10763, 14, 2, '2026-05-22', '20:00:00', '2026-03-16 11:34:34'),
(10764, 14, 1, '2026-05-22', '14:00:00', '2026-03-16 11:34:34'),
(10765, 14, 2, '2026-05-22', '16:00:00', '2026-03-16 11:34:34'),
(10766, 14, 1, '2026-05-22', '12:00:00', '2026-03-16 11:34:34'),
(10767, 33, 1, '2026-05-22', '15:30:00', '2026-03-16 11:34:34'),
(10768, 33, 2, '2026-05-22', '14:30:00', '2026-03-16 11:34:34'),
(10769, 33, 1, '2026-05-22', '14:30:00', '2026-03-16 11:34:34'),
(10770, 33, 2, '2026-05-22', '14:00:00', '2026-03-16 11:34:34'),
(10771, 79, 1, '2026-05-22', '19:00:00', '2026-03-16 11:34:34'),
(10772, 79, 2, '2026-05-22', '12:00:00', '2026-03-16 11:34:34'),
(10773, 79, 1, '2026-05-22', '18:00:00', '2026-03-16 11:34:34'),
(10774, 79, 2, '2026-05-22', '22:00:00', '2026-03-16 11:34:34'),
(10775, 79, 1, '2026-05-22', '18:30:00', '2026-03-16 11:34:34'),
(10776, 26, 1, '2026-05-22', '20:30:00', '2026-03-16 11:34:34'),
(10777, 26, 2, '2026-05-22', '16:30:00', '2026-03-16 11:34:34'),
(10778, 26, 1, '2026-05-22', '10:30:00', '2026-03-16 11:34:34'),
(10779, 26, 2, '2026-05-22', '12:30:00', '2026-03-16 11:34:34'),
(10780, 25, 1, '2026-05-22', '16:30:00', '2026-03-16 11:34:34'),
(10781, 25, 2, '2026-05-22', '10:00:00', '2026-03-16 11:34:34'),
(10782, 25, 1, '2026-05-22', '16:00:00', '2026-03-16 11:34:34'),
(10783, 25, 2, '2026-05-22', '23:30:00', '2026-03-16 11:34:34'),
(10784, 25, 1, '2026-05-22', '21:30:00', '2026-03-16 11:34:34'),
(10785, 17, 1, '2026-05-23', '16:30:00', '2026-03-16 11:34:34'),
(10786, 17, 2, '2026-05-23', '10:00:00', '2026-03-16 11:34:34'),
(10787, 17, 1, '2026-05-23', '18:30:00', '2026-03-16 11:34:34'),
(10788, 17, 2, '2026-05-23', '19:00:00', '2026-03-16 11:34:34'),
(10789, 17, 1, '2026-05-23', '12:30:00', '2026-03-16 11:34:34'),
(10790, 91, 1, '2026-05-23', '15:30:00', '2026-03-16 11:34:34'),
(10791, 91, 2, '2026-05-23', '21:30:00', '2026-03-16 11:34:34'),
(10792, 91, 1, '2026-05-23', '23:00:00', '2026-03-16 11:34:34'),
(10793, 91, 2, '2026-05-23', '11:00:00', '2026-03-16 11:34:34'),
(10794, 84, 1, '2026-05-23', '21:30:00', '2026-03-16 11:34:34'),
(10795, 84, 2, '2026-05-23', '20:00:00', '2026-03-16 11:34:34'),
(10796, 84, 1, '2026-05-23', '19:30:00', '2026-03-16 11:34:34'),
(10797, 84, 2, '2026-05-23', '13:00:00', '2026-03-16 11:34:34'),
(10798, 84, 1, '2026-05-23', '15:00:00', '2026-03-16 11:34:34'),
(10799, 23, 1, '2026-05-23', '16:00:00', '2026-03-16 11:34:34'),
(10800, 23, 2, '2026-05-23', '10:30:00', '2026-03-16 11:34:34'),
(10801, 23, 1, '2026-05-23', '11:00:00', '2026-03-16 11:34:34'),
(10802, 23, 2, '2026-05-23', '11:30:00', '2026-03-16 11:34:34'),
(10803, 23, 1, '2026-05-23', '22:30:00', '2026-03-16 11:34:34'),
(10804, 65, 1, '2026-05-23', '13:30:00', '2026-03-16 11:34:34'),
(10805, 65, 2, '2026-05-23', '12:30:00', '2026-03-16 11:34:34'),
(10806, 65, 1, '2026-05-23', '14:30:00', '2026-03-16 11:34:34'),
(10807, 65, 2, '2026-05-23', '20:30:00', '2026-03-16 11:34:34'),
(10808, 65, 1, '2026-05-23', '13:00:00', '2026-03-16 11:34:34'),
(10809, 70, 1, '2026-05-23', '14:00:00', '2026-03-16 11:34:34'),
(10810, 70, 2, '2026-05-23', '18:00:00', '2026-03-16 11:34:34'),
(10811, 70, 1, '2026-05-23', '23:30:00', '2026-03-16 11:34:34'),
(10812, 70, 2, '2026-05-23', '22:30:00', '2026-03-16 11:34:34'),
(10813, 70, 1, '2026-05-23', '10:00:00', '2026-03-16 11:34:34'),
(10814, 89, 1, '2026-05-23', '17:30:00', '2026-03-16 11:34:34'),
(10815, 89, 2, '2026-05-23', '17:30:00', '2026-03-16 11:34:34'),
(10816, 89, 1, '2026-05-23', '12:00:00', '2026-03-16 11:34:34'),
(10817, 89, 2, '2026-05-23', '15:30:00', '2026-03-16 11:34:34'),
(10818, 89, 1, '2026-05-23', '18:00:00', '2026-03-16 11:34:34'),
(10819, 82, 1, '2026-05-23', '22:00:00', '2026-03-16 11:34:34'),
(10820, 82, 2, '2026-05-23', '23:00:00', '2026-03-16 11:34:34'),
(10821, 82, 1, '2026-05-23', '21:00:00', '2026-03-16 11:34:34'),
(10822, 82, 2, '2026-05-23', '23:30:00', '2026-03-16 11:34:34'),
(10823, 58, 1, '2026-05-24', '15:00:00', '2026-03-16 11:34:34'),
(10824, 58, 2, '2026-05-24', '14:00:00', '2026-03-16 11:34:34'),
(10825, 58, 1, '2026-05-24', '18:30:00', '2026-03-16 11:34:34'),
(10826, 58, 2, '2026-05-24', '17:00:00', '2026-03-16 11:34:34'),
(10827, 23, 1, '2026-05-24', '19:30:00', '2026-03-16 11:34:34'),
(10828, 23, 2, '2026-05-24', '11:00:00', '2026-03-16 11:34:34'),
(10829, 23, 1, '2026-05-24', '20:00:00', '2026-03-16 11:34:34'),
(10830, 23, 2, '2026-05-24', '17:30:00', '2026-03-16 11:34:34'),
(10831, 23, 1, '2026-05-24', '13:30:00', '2026-03-16 11:34:34'),
(10832, 88, 1, '2026-05-24', '23:30:00', '2026-03-16 11:34:34'),
(10833, 88, 2, '2026-05-24', '23:00:00', '2026-03-16 11:34:34'),
(10834, 88, 1, '2026-05-24', '17:00:00', '2026-03-16 11:34:34'),
(10835, 88, 2, '2026-05-24', '19:00:00', '2026-03-16 11:34:34'),
(10836, 10, 1, '2026-05-24', '22:00:00', '2026-03-16 11:34:34'),
(10837, 10, 2, '2026-05-24', '13:00:00', '2026-03-16 11:34:34'),
(10838, 10, 1, '2026-05-24', '17:30:00', '2026-03-16 11:34:34'),
(10839, 10, 2, '2026-05-24', '12:30:00', '2026-03-16 11:34:34'),
(10840, 10, 1, '2026-05-24', '23:00:00', '2026-03-16 11:34:34'),
(10841, 24, 1, '2026-05-24', '21:30:00', '2026-03-16 11:34:34'),
(10842, 24, 2, '2026-05-24', '18:30:00', '2026-03-16 11:34:34'),
(10843, 24, 1, '2026-05-24', '15:30:00', '2026-03-16 11:34:34'),
(10844, 24, 2, '2026-05-24', '23:30:00', '2026-03-16 11:34:34'),
(10845, 24, 1, '2026-05-24', '22:30:00', '2026-03-16 11:34:34'),
(10846, 95, 1, '2026-05-24', '16:30:00', '2026-03-16 11:34:34'),
(10847, 95, 2, '2026-05-24', '21:30:00', '2026-03-16 11:34:34'),
(10848, 95, 1, '2026-05-24', '11:00:00', '2026-03-16 11:34:34'),
(10849, 95, 2, '2026-05-24', '11:30:00', '2026-03-16 11:34:34'),
(10850, 95, 1, '2026-05-24', '19:00:00', '2026-03-16 11:34:34'),
(10851, 66, 1, '2026-05-24', '14:30:00', '2026-03-16 11:34:34'),
(10852, 66, 2, '2026-05-24', '12:00:00', '2026-03-16 11:34:34'),
(10853, 66, 1, '2026-05-24', '12:30:00', '2026-03-16 11:34:34'),
(10854, 66, 2, '2026-05-24', '15:30:00', '2026-03-16 11:34:34'),
(10855, 93, 1, '2026-05-25', '16:30:00', '2026-03-16 11:34:34'),
(10856, 93, 2, '2026-05-25', '12:00:00', '2026-03-16 11:34:34'),
(10857, 93, 1, '2026-05-25', '11:00:00', '2026-03-16 11:34:34'),
(10858, 93, 2, '2026-05-25', '19:00:00', '2026-03-16 11:34:34'),
(10859, 93, 1, '2026-05-25', '13:30:00', '2026-03-16 11:34:34'),
(10860, 37, 1, '2026-05-25', '13:00:00', '2026-03-16 11:34:34'),
(10861, 37, 2, '2026-05-25', '17:00:00', '2026-03-16 11:34:34'),
(10862, 37, 1, '2026-05-25', '22:00:00', '2026-03-16 11:34:34'),
(10863, 37, 2, '2026-05-25', '20:00:00', '2026-03-16 11:34:34'),
(10864, 37, 1, '2026-05-25', '19:30:00', '2026-03-16 11:34:34'),
(10865, 4, 1, '2026-05-25', '23:00:00', '2026-03-16 11:34:34'),
(10866, 4, 2, '2026-05-25', '14:00:00', '2026-03-16 11:34:34'),
(10867, 4, 1, '2026-05-25', '11:30:00', '2026-03-16 11:34:34'),
(10868, 4, 2, '2026-05-25', '23:30:00', '2026-03-16 11:34:34'),
(10869, 67, 1, '2026-05-25', '21:00:00', '2026-03-16 11:34:34'),
(10870, 67, 2, '2026-05-25', '16:00:00', '2026-03-16 11:34:34'),
(10871, 67, 1, '2026-05-25', '15:30:00', '2026-03-16 11:34:34'),
(10872, 67, 2, '2026-05-25', '18:30:00', '2026-03-16 11:34:34'),
(10873, 67, 1, '2026-05-25', '18:30:00', '2026-03-16 11:34:34'),
(10874, 107, 1, '2026-05-25', '23:30:00', '2026-03-16 11:34:34'),
(10875, 107, 2, '2026-05-25', '16:30:00', '2026-03-16 11:34:34'),
(10876, 107, 1, '2026-05-25', '22:30:00', '2026-03-16 11:34:34'),
(10877, 107, 2, '2026-05-25', '19:30:00', '2026-03-16 11:34:34'),
(10878, 99, 1, '2026-05-25', '18:00:00', '2026-03-16 11:34:34'),
(10879, 99, 2, '2026-05-25', '11:30:00', '2026-03-16 11:34:34'),
(10880, 99, 1, '2026-05-25', '16:00:00', '2026-03-16 11:34:34'),
(10881, 99, 2, '2026-05-25', '22:30:00', '2026-03-16 11:34:34'),
(10882, 99, 1, '2026-05-25', '17:30:00', '2026-03-16 11:34:34'),
(10883, 48, 1, '2026-05-25', '14:30:00', '2026-03-16 11:34:34'),
(10884, 48, 2, '2026-05-25', '12:30:00', '2026-03-16 11:34:34'),
(10885, 48, 1, '2026-05-25', '20:00:00', '2026-03-16 11:34:34'),
(10886, 48, 2, '2026-05-25', '21:30:00', '2026-03-16 11:34:34'),
(10887, 66, 1, '2026-05-25', '21:30:00', '2026-03-16 11:34:34'),
(10888, 66, 2, '2026-05-25', '10:30:00', '2026-03-16 11:34:34'),
(10889, 66, 1, '2026-05-25', '20:30:00', '2026-03-16 11:34:34'),
(10890, 66, 2, '2026-05-25', '10:00:00', '2026-03-16 11:34:34'),
(10891, 65, 1, '2026-05-26', '16:00:00', '2026-03-16 11:34:34'),
(10892, 65, 2, '2026-05-26', '20:30:00', '2026-03-16 11:34:34'),
(10893, 65, 1, '2026-05-26', '18:00:00', '2026-03-16 11:34:34'),
(10894, 65, 2, '2026-05-26', '11:30:00', '2026-03-16 11:34:34'),
(10895, 14, 1, '2026-05-26', '23:00:00', '2026-03-16 11:34:34'),
(10896, 14, 2, '2026-05-26', '21:30:00', '2026-03-16 11:34:34'),
(10897, 14, 1, '2026-05-26', '12:00:00', '2026-03-16 11:34:34'),
(10898, 14, 2, '2026-05-26', '14:30:00', '2026-03-16 11:34:34'),
(10899, 14, 1, '2026-05-26', '14:00:00', '2026-03-16 11:34:34'),
(10900, 38, 1, '2026-05-26', '14:30:00', '2026-03-16 11:34:34'),
(10901, 38, 2, '2026-05-26', '12:00:00', '2026-03-16 11:34:34'),
(10902, 38, 1, '2026-05-26', '23:30:00', '2026-03-16 11:34:34'),
(10903, 38, 2, '2026-05-26', '22:00:00', '2026-03-16 11:34:34'),
(10904, 38, 1, '2026-05-26', '13:30:00', '2026-03-16 11:34:34'),
(10905, 102, 1, '2026-05-26', '21:30:00', '2026-03-16 11:34:34'),
(10906, 102, 2, '2026-05-26', '18:00:00', '2026-03-16 11:34:34'),
(10907, 102, 1, '2026-05-26', '20:30:00', '2026-03-16 11:34:34'),
(10908, 102, 2, '2026-05-26', '15:30:00', '2026-03-16 11:34:34'),
(10909, 102, 1, '2026-05-26', '17:00:00', '2026-03-16 11:34:34'),
(10910, 88, 1, '2026-05-26', '15:30:00', '2026-03-16 11:34:34'),
(10911, 88, 2, '2026-05-26', '17:30:00', '2026-03-16 11:34:34'),
(10912, 88, 1, '2026-05-26', '10:30:00', '2026-03-16 11:34:34'),
(10913, 88, 2, '2026-05-26', '20:00:00', '2026-03-16 11:34:34'),
(10914, 88, 1, '2026-05-26', '17:30:00', '2026-03-16 11:34:34'),
(10915, 39, 1, '2026-05-26', '15:00:00', '2026-03-16 11:34:34'),
(10916, 39, 2, '2026-05-26', '10:30:00', '2026-03-16 11:34:34'),
(10917, 39, 1, '2026-05-26', '19:00:00', '2026-03-16 11:34:34'),
(10918, 39, 2, '2026-05-26', '15:00:00', '2026-03-16 11:34:34'),
(10919, 78, 1, '2026-05-26', '19:30:00', '2026-03-16 11:34:34'),
(10920, 78, 2, '2026-05-26', '13:00:00', '2026-03-16 11:34:34'),
(10921, 78, 1, '2026-05-26', '11:30:00', '2026-03-16 11:34:34'),
(10922, 78, 2, '2026-05-26', '10:00:00', '2026-03-16 11:34:34'),
(10923, 78, 1, '2026-05-26', '16:30:00', '2026-03-16 11:34:34'),
(10924, 41, 1, '2026-05-27', '17:30:00', '2026-03-16 11:34:34'),
(10925, 41, 2, '2026-05-27', '21:00:00', '2026-03-16 11:34:34'),
(10926, 41, 1, '2026-05-27', '21:00:00', '2026-03-16 11:34:34'),
(10927, 41, 2, '2026-05-27', '14:30:00', '2026-03-16 11:34:34'),
(10928, 41, 1, '2026-05-27', '11:30:00', '2026-03-16 11:34:34'),
(10929, 63, 1, '2026-05-27', '23:30:00', '2026-03-16 11:34:34'),
(10930, 63, 2, '2026-05-27', '15:30:00', '2026-03-16 11:34:34'),
(10931, 63, 1, '2026-05-27', '15:00:00', '2026-03-16 11:34:34'),
(10932, 63, 2, '2026-05-27', '10:00:00', '2026-03-16 11:34:34'),
(10933, 58, 1, '2026-05-27', '22:30:00', '2026-03-16 11:34:34'),
(10934, 58, 2, '2026-05-27', '21:30:00', '2026-03-16 11:34:34'),
(10935, 58, 1, '2026-05-27', '11:00:00', '2026-03-16 11:34:34'),
(10936, 58, 2, '2026-05-27', '16:30:00', '2026-03-16 11:34:34'),
(10937, 58, 1, '2026-05-27', '17:00:00', '2026-03-16 11:34:34'),
(10938, 43, 1, '2026-05-27', '14:00:00', '2026-03-16 11:34:34'),
(10939, 43, 2, '2026-05-27', '17:30:00', '2026-03-16 11:34:34'),
(10940, 43, 1, '2026-05-27', '13:00:00', '2026-03-16 11:34:34'),
(10941, 43, 2, '2026-05-27', '20:00:00', '2026-03-16 11:34:34'),
(10942, 43, 1, '2026-05-27', '20:30:00', '2026-03-16 11:34:34'),
(10943, 79, 1, '2026-05-27', '19:00:00', '2026-03-16 11:34:34'),
(10944, 79, 2, '2026-05-27', '22:30:00', '2026-03-16 11:34:34'),
(10945, 79, 1, '2026-05-27', '16:30:00', '2026-03-16 11:34:34'),
(10946, 79, 2, '2026-05-27', '20:30:00', '2026-03-16 11:34:34'),
(10947, 79, 1, '2026-05-27', '18:00:00', '2026-03-16 11:34:34'),
(10948, 85, 1, '2026-05-27', '10:30:00', '2026-03-16 11:34:34'),
(10949, 85, 2, '2026-05-27', '16:00:00', '2026-03-16 11:34:34'),
(10950, 85, 1, '2026-05-27', '19:30:00', '2026-03-16 11:34:34'),
(10951, 85, 2, '2026-05-27', '18:00:00', '2026-03-16 11:34:34'),
(10952, 47, 1, '2026-05-28', '14:30:00', '2026-03-16 11:34:34'),
(10953, 47, 2, '2026-05-28', '15:30:00', '2026-03-16 11:34:34'),
(10954, 47, 1, '2026-05-28', '11:30:00', '2026-03-16 11:34:34'),
(10955, 47, 2, '2026-05-28', '19:30:00', '2026-03-16 11:34:34'),
(10956, 65, 1, '2026-05-28', '13:00:00', '2026-03-16 11:34:34'),
(10957, 65, 2, '2026-05-28', '11:30:00', '2026-03-16 11:34:34'),
(10958, 65, 1, '2026-05-28', '18:30:00', '2026-03-16 11:34:34'),
(10959, 65, 2, '2026-05-28', '15:00:00', '2026-03-16 11:34:34'),
(10960, 2, 1, '2026-05-28', '23:30:00', '2026-03-16 11:34:34'),
(10961, 2, 2, '2026-05-28', '14:30:00', '2026-03-16 11:34:34'),
(10962, 2, 1, '2026-05-28', '19:30:00', '2026-03-16 11:34:34'),
(10963, 2, 2, '2026-05-28', '16:30:00', '2026-03-16 11:34:34'),
(10964, 2, 1, '2026-05-28', '20:30:00', '2026-03-16 11:34:34'),
(10965, 85, 1, '2026-05-28', '11:00:00', '2026-03-16 11:34:34'),
(10966, 85, 2, '2026-05-28', '17:30:00', '2026-03-16 11:34:34'),
(10967, 85, 1, '2026-05-28', '10:30:00', '2026-03-16 11:34:34'),
(10968, 85, 2, '2026-05-28', '22:30:00', '2026-03-16 11:34:34'),
(10969, 31, 1, '2026-05-28', '21:30:00', '2026-03-16 11:34:34'),
(10970, 31, 2, '2026-05-28', '12:30:00', '2026-03-16 11:34:34'),
(10971, 31, 1, '2026-05-28', '18:00:00', '2026-03-16 11:34:34'),
(10972, 31, 2, '2026-05-28', '21:00:00', '2026-03-16 11:34:34'),
(10973, 110, 1, '2026-05-28', '19:00:00', '2026-03-16 11:34:34'),
(10974, 110, 2, '2026-05-28', '13:30:00', '2026-03-16 11:34:34'),
(10975, 110, 1, '2026-05-28', '16:00:00', '2026-03-16 11:34:34'),
(10976, 110, 2, '2026-05-28', '18:30:00', '2026-03-16 11:34:34'),
(10977, 105, 1, '2026-05-28', '12:30:00', '2026-03-16 11:34:34'),
(10978, 105, 2, '2026-05-28', '17:00:00', '2026-03-16 11:34:34'),
(10979, 105, 1, '2026-05-28', '22:00:00', '2026-03-16 11:34:34'),
(10980, 105, 2, '2026-05-28', '12:00:00', '2026-03-16 11:34:34'),
(10981, 105, 1, '2026-05-28', '17:00:00', '2026-03-16 11:34:34'),
(10982, 21, 1, '2026-05-29', '15:00:00', '2026-03-16 11:34:34'),
(10983, 21, 2, '2026-05-29', '13:00:00', '2026-03-16 11:34:34'),
(10984, 21, 1, '2026-05-29', '16:00:00', '2026-03-16 11:34:34'),
(10985, 21, 2, '2026-05-29', '11:30:00', '2026-03-16 11:34:34'),
(10986, 47, 1, '2026-05-29', '11:30:00', '2026-03-16 11:34:34'),
(10987, 47, 2, '2026-05-29', '12:30:00', '2026-03-16 11:34:34'),
(10988, 47, 1, '2026-05-29', '20:00:00', '2026-03-16 11:34:34'),
(10989, 47, 2, '2026-05-29', '15:00:00', '2026-03-16 11:34:34'),
(10990, 47, 1, '2026-05-29', '20:30:00', '2026-03-16 11:34:34'),
(10991, 78, 1, '2026-05-29', '14:30:00', '2026-03-16 11:34:34'),
(10992, 78, 2, '2026-05-29', '12:00:00', '2026-03-16 11:34:34'),
(10993, 78, 1, '2026-05-29', '17:00:00', '2026-03-16 11:34:34'),
(10994, 78, 2, '2026-05-29', '19:30:00', '2026-03-16 11:34:34'),
(10995, 78, 1, '2026-05-29', '12:00:00', '2026-03-16 11:34:34'),
(10996, 92, 1, '2026-05-29', '18:30:00', '2026-03-16 11:34:34'),
(10997, 92, 2, '2026-05-29', '10:30:00', '2026-03-16 11:34:34'),
(10998, 92, 1, '2026-05-29', '12:30:00', '2026-03-16 11:34:34'),
(10999, 92, 2, '2026-05-29', '17:00:00', '2026-03-16 11:34:34'),
(11000, 106, 1, '2026-05-29', '21:30:00', '2026-03-16 11:34:34'),
(11001, 106, 2, '2026-05-29', '16:30:00', '2026-03-16 11:34:34'),
(11002, 106, 1, '2026-05-29', '10:00:00', '2026-03-16 11:34:34'),
(11003, 106, 2, '2026-05-29', '22:00:00', '2026-03-16 11:34:34'),
(11004, 106, 1, '2026-05-29', '16:30:00', '2026-03-16 11:34:34'),
(11005, 16, 1, '2026-05-29', '19:00:00', '2026-03-16 11:34:34'),
(11006, 16, 2, '2026-05-29', '21:00:00', '2026-03-16 11:34:34'),
(11007, 16, 1, '2026-05-29', '18:00:00', '2026-03-16 11:34:34'),
(11008, 16, 2, '2026-05-29', '10:00:00', '2026-03-16 11:34:34'),
(11009, 16, 1, '2026-05-29', '19:30:00', '2026-03-16 11:34:34'),
(11010, 65, 1, '2026-05-30', '23:30:00', '2026-03-16 11:34:34'),
(11011, 65, 2, '2026-05-30', '20:00:00', '2026-03-16 11:34:34'),
(11012, 65, 1, '2026-05-30', '11:30:00', '2026-03-16 11:34:34'),
(11013, 65, 2, '2026-05-30', '23:30:00', '2026-03-16 11:34:34'),
(11014, 65, 1, '2026-05-30', '18:30:00', '2026-03-16 11:34:34'),
(11015, 88, 1, '2026-05-30', '14:00:00', '2026-03-16 11:34:34'),
(11016, 88, 2, '2026-05-30', '20:30:00', '2026-03-16 11:34:34'),
(11017, 88, 1, '2026-05-30', '15:30:00', '2026-03-16 11:34:34'),
(11018, 88, 2, '2026-05-30', '10:00:00', '2026-03-16 11:34:34'),
(11019, 54, 1, '2026-05-30', '21:30:00', '2026-03-16 11:34:34'),
(11020, 54, 2, '2026-05-30', '22:00:00', '2026-03-16 11:34:34'),
(11021, 54, 1, '2026-05-30', '21:00:00', '2026-03-16 11:34:34'),
(11022, 54, 2, '2026-05-30', '13:00:00', '2026-03-16 11:34:34'),
(11023, 107, 1, '2026-05-30', '23:00:00', '2026-03-16 11:34:34'),
(11024, 107, 2, '2026-05-30', '16:00:00', '2026-03-16 11:34:34'),
(11025, 107, 1, '2026-05-30', '15:00:00', '2026-03-16 11:34:34'),
(11026, 107, 2, '2026-05-30', '11:30:00', '2026-03-16 11:34:34'),
(11027, 20, 1, '2026-05-30', '18:00:00', '2026-03-16 11:34:34'),
(11028, 20, 2, '2026-05-30', '10:30:00', '2026-03-16 11:34:34'),
(11029, 20, 1, '2026-05-30', '16:00:00', '2026-03-16 11:34:34'),
(11030, 20, 2, '2026-05-30', '14:30:00', '2026-03-16 11:34:34'),
(11031, 20, 1, '2026-05-30', '20:30:00', '2026-03-16 11:34:34'),
(11032, 78, 1, '2026-05-30', '11:00:00', '2026-03-16 11:34:34');
INSERT INTO `showtimes` (`showtime_id`, `movie_id`, `hall_id`, `show_date`, `show_time`, `created_at`) VALUES
(11033, 78, 2, '2026-05-30', '21:00:00', '2026-03-16 11:34:34'),
(11034, 78, 1, '2026-05-30', '14:30:00', '2026-03-16 11:34:34'),
(11035, 78, 2, '2026-05-30', '18:30:00', '2026-03-16 11:34:34'),
(11036, 13, 1, '2026-05-30', '17:00:00', '2026-03-16 11:34:34'),
(11037, 13, 2, '2026-05-30', '15:00:00', '2026-03-16 11:34:34'),
(11038, 13, 1, '2026-05-30', '19:30:00', '2026-03-16 11:34:34'),
(11039, 13, 2, '2026-05-30', '15:30:00', '2026-03-16 11:34:34'),
(11040, 23, 1, '2026-05-30', '22:30:00', '2026-03-16 11:34:34'),
(11041, 23, 2, '2026-05-30', '11:00:00', '2026-03-16 11:34:34'),
(11042, 23, 1, '2026-05-30', '22:00:00', '2026-03-16 11:34:34'),
(11043, 23, 2, '2026-05-30', '14:00:00', '2026-03-16 11:34:34'),
(11044, 23, 1, '2026-05-30', '12:00:00', '2026-03-16 11:34:34'),
(11045, 72, 1, '2026-05-31', '12:30:00', '2026-03-16 11:34:34'),
(11046, 72, 2, '2026-05-31', '11:00:00', '2026-03-16 11:34:34'),
(11047, 72, 1, '2026-05-31', '18:30:00', '2026-03-16 11:34:34'),
(11048, 72, 2, '2026-05-31', '20:30:00', '2026-03-16 11:34:34'),
(11049, 72, 1, '2026-05-31', '19:00:00', '2026-03-16 11:34:34'),
(11050, 62, 1, '2026-05-31', '14:30:00', '2026-03-16 11:34:34'),
(11051, 62, 2, '2026-05-31', '23:00:00', '2026-03-16 11:34:34'),
(11052, 62, 1, '2026-05-31', '10:00:00', '2026-03-16 11:34:34'),
(11053, 62, 2, '2026-05-31', '22:30:00', '2026-03-16 11:34:34'),
(11054, 33, 1, '2026-05-31', '15:00:00', '2026-03-16 11:34:34'),
(11055, 33, 2, '2026-05-31', '19:00:00', '2026-03-16 11:34:34'),
(11056, 33, 1, '2026-05-31', '17:00:00', '2026-03-16 11:34:34'),
(11057, 33, 2, '2026-05-31', '10:30:00', '2026-03-16 11:34:34'),
(11058, 40, 1, '2026-05-31', '13:00:00', '2026-03-16 11:34:34'),
(11059, 40, 2, '2026-05-31', '13:30:00', '2026-03-16 11:34:34'),
(11060, 40, 1, '2026-05-31', '14:00:00', '2026-03-16 11:34:34'),
(11061, 40, 2, '2026-05-31', '19:30:00', '2026-03-16 11:34:34'),
(11062, 74, 1, '2026-05-31', '19:30:00', '2026-03-16 11:34:34'),
(11063, 74, 2, '2026-05-31', '17:00:00', '2026-03-16 11:34:34'),
(11064, 74, 1, '2026-05-31', '22:00:00', '2026-03-16 11:34:34'),
(11065, 74, 2, '2026-05-31', '12:30:00', '2026-03-16 11:34:34'),
(11066, 74, 1, '2026-05-31', '21:30:00', '2026-03-16 11:34:34'),
(11067, 45, 1, '2026-05-31', '20:00:00', '2026-03-16 11:34:34'),
(11068, 45, 2, '2026-05-31', '14:30:00', '2026-03-16 11:34:34'),
(11069, 45, 1, '2026-05-31', '12:00:00', '2026-03-16 11:34:34'),
(11070, 45, 2, '2026-05-31', '21:30:00', '2026-03-16 11:34:34'),
(11071, 101, 1, '2026-05-31', '11:00:00', '2026-03-16 11:34:34'),
(11072, 101, 2, '2026-05-31', '17:30:00', '2026-03-16 11:34:34'),
(11073, 101, 1, '2026-05-31', '20:30:00', '2026-03-16 11:34:34'),
(11074, 101, 2, '2026-05-31', '23:30:00', '2026-03-16 11:34:34'),
(11075, 91, 1, '2026-05-31', '11:30:00', '2026-03-16 11:34:34'),
(11076, 91, 2, '2026-05-31', '18:30:00', '2026-03-16 11:34:34'),
(11077, 91, 1, '2026-05-31', '22:30:00', '2026-03-16 11:34:34'),
(11078, 91, 2, '2026-05-31', '14:00:00', '2026-03-16 11:34:34'),
(11079, 46, 1, '2026-06-01', '17:00:00', '2026-03-16 11:34:34'),
(11080, 46, 2, '2026-06-01', '20:30:00', '2026-03-16 11:34:34'),
(11081, 46, 1, '2026-06-01', '23:30:00', '2026-03-16 11:34:34'),
(11082, 46, 2, '2026-06-01', '16:30:00', '2026-03-16 11:34:34'),
(11083, 86, 1, '2026-06-01', '22:00:00', '2026-03-16 11:34:34'),
(11084, 86, 2, '2026-06-01', '12:00:00', '2026-03-16 11:34:34'),
(11085, 86, 1, '2026-06-01', '14:00:00', '2026-03-16 11:34:34'),
(11086, 86, 2, '2026-06-01', '21:30:00', '2026-03-16 11:34:34'),
(11087, 51, 1, '2026-06-01', '19:00:00', '2026-03-16 11:34:34'),
(11088, 51, 2, '2026-06-01', '13:30:00', '2026-03-16 11:34:34'),
(11089, 51, 1, '2026-06-01', '16:30:00', '2026-03-16 11:34:34'),
(11090, 51, 2, '2026-06-01', '22:30:00', '2026-03-16 11:34:34'),
(11091, 52, 1, '2026-06-01', '21:30:00', '2026-03-16 11:34:34'),
(11092, 52, 2, '2026-06-01', '15:00:00', '2026-03-16 11:34:34'),
(11093, 52, 1, '2026-06-01', '21:00:00', '2026-03-16 11:34:34'),
(11094, 52, 2, '2026-06-01', '23:30:00', '2026-03-16 11:34:34'),
(11095, 52, 1, '2026-06-01', '11:30:00', '2026-03-16 11:34:34'),
(11096, 76, 1, '2026-06-01', '17:30:00', '2026-03-16 11:34:34'),
(11097, 76, 2, '2026-06-01', '11:00:00', '2026-03-16 11:34:34'),
(11098, 76, 1, '2026-06-01', '15:30:00', '2026-03-16 11:34:34'),
(11099, 76, 2, '2026-06-01', '11:30:00', '2026-03-16 11:34:34'),
(11100, 76, 1, '2026-06-01', '20:00:00', '2026-03-16 11:34:34'),
(11101, 26, 1, '2026-06-01', '13:00:00', '2026-03-16 11:34:34'),
(11102, 26, 2, '2026-06-01', '15:30:00', '2026-03-16 11:34:34'),
(11103, 26, 1, '2026-06-01', '14:30:00', '2026-03-16 11:34:34'),
(11104, 26, 2, '2026-06-01', '14:00:00', '2026-03-16 11:34:34'),
(11105, 26, 1, '2026-06-01', '13:30:00', '2026-03-16 11:34:34'),
(11106, 67, 1, '2026-06-01', '12:00:00', '2026-03-16 11:34:34'),
(11107, 67, 2, '2026-06-01', '18:30:00', '2026-03-16 11:34:34'),
(11108, 67, 1, '2026-06-01', '11:00:00', '2026-03-16 11:34:34'),
(11109, 67, 2, '2026-06-01', '16:00:00', '2026-03-16 11:34:34'),
(11110, 67, 1, '2026-06-01', '10:00:00', '2026-03-16 11:34:34');

-- --------------------------------------------------------

--
-- Tábla szerkezet ehhez a táblához `tickets`
--

DROP TABLE IF EXISTS `tickets`;
CREATE TABLE `tickets` (
  `ticket_id` int(11) NOT NULL,
  `reservation_id` int(11) NOT NULL,
  `ticket_code` varchar(100) NOT NULL,
  `issued_date` timestamp NOT NULL DEFAULT current_timestamp(),
  `is_used` tinyint(1) DEFAULT 0
) ENGINE=InnoDB DEFAULT CHARSET=utf8mb4 COLLATE=utf8mb4_general_ci;

--
-- A tábla adatainak kiíratása `tickets`
--

INSERT INTO `tickets` (`ticket_id`, `reservation_id`, `ticket_code`, `issued_date`, `is_used`) VALUES
(1, 1, 'DB83A90C56CA', '2026-03-15 23:00:00', 0),
(2, 2, '0D9B44066ABE', '2026-03-15 23:00:00', 0),
(3, 3, '537382CB8F33', '2026-03-15 23:00:00', 0),
(4, 4, '3EF7D01EBF7E', '2026-03-15 23:00:00', 0),
(5, 5, '6517CBB7A2B6', '2026-03-15 23:00:00', 0),
(6, 6, 'F7F9A08B51CC', '2026-03-15 23:00:00', 0),
(7, 7, '36BAC04161A8', '2026-03-15 23:00:00', 0),
(8, 8, '2C779467301A', '2026-03-15 23:00:00', 0),
(9, 9, 'B8FC3DC3930E', '2026-03-15 23:00:00', 0),
(10, 10, '6C561E01DD47', '2026-03-15 23:00:00', 0),
(11, 11, '3630D3BFACCD', '2026-03-15 23:00:00', 0),
(12, 12, 'AE9E282C9F33', '2026-03-15 23:00:00', 0),
(13, 13, 'B45D7699A610', '2026-03-15 23:00:00', 0),
(14, 14, '5CFAB1D91BDD', '2026-03-15 23:00:00', 0),
(15, 15, 'FB7A22C6D2A0', '2026-03-15 23:00:00', 0),
(16, 16, '24DCFE94928E', '2026-03-15 23:00:00', 0),
(17, 17, '4CB2132A7F19', '2026-03-15 23:00:00', 0),
(18, 18, '0AB6AC404187', '2026-03-15 23:00:00', 0),
(19, 19, 'CE610A61DB0B', '2026-03-15 23:00:00', 0),
(20, 20, 'DF4A1F63674B', '2026-03-15 23:00:00', 0),
(21, 21, '544B71004352', '2026-03-15 23:00:00', 0),
(22, 22, 'E1A38C7FB2F3', '2026-03-15 23:00:00', 0),
(23, 23, 'E0D43A1154BB', '2026-03-15 23:00:00', 0),
(24, 24, '0ABCB83E5942', '2026-03-15 23:00:00', 0),
(25, 25, '959DF68F0137', '2026-03-15 23:00:00', 0),
(26, 26, '21C0FD5A43FD', '2026-03-15 23:00:00', 0),
(27, 27, '3D064E464280', '2026-03-15 23:00:00', 0),
(28, 28, '0EF127244657', '2026-03-15 23:00:00', 0),
(29, 29, 'D01192175DB4', '2026-03-15 23:00:00', 0),
(30, 30, '2F56EA46CD60', '2026-03-15 23:00:00', 0),
(31, 31, 'E71EF4B64F1F', '2026-03-15 23:00:00', 0),
(32, 32, '3A271D7C5158', '2026-03-15 23:00:00', 0),
(33, 33, 'E99B988AC53E', '2026-03-15 23:00:00', 0),
(34, 34, 'B83CB3692C72', '2026-03-15 23:00:00', 0),
(35, 35, '425E9A198A6E', '2026-03-15 23:00:00', 0),
(36, 36, 'AD4CD18845ED', '2026-03-15 23:00:00', 0),
(37, 37, '5DD86CA5E920', '2026-03-15 23:00:00', 0),
(38, 38, '37FE8250044F', '2026-03-15 23:00:00', 0),
(39, 39, '7096EB48A986', '2026-03-15 23:00:00', 0),
(40, 40, 'F68AB482E766', '2026-03-15 23:00:00', 0),
(41, 41, '575DB97C6835', '2026-03-15 23:00:00', 0),
(42, 42, '46DDCDB7FCC8', '2026-03-15 23:00:00', 0),
(43, 43, '34E2E019BEA8', '2026-03-15 23:00:00', 0),
(44, 44, 'ADEDF65A9A83', '2026-03-15 23:00:00', 0),
(45, 45, '25425653C897', '2026-03-15 23:00:00', 0),
(46, 46, '63770E160BC5', '2026-03-15 23:00:00', 0),
(47, 47, '30A83ABBBF8D', '2026-03-15 23:00:00', 0),
(48, 48, '687C9C0370F6', '2026-03-15 23:00:00', 0),
(49, 49, 'BFB51B5ABCE6', '2026-03-15 23:00:00', 0),
(50, 50, 'CB43DC954175', '2026-03-15 23:00:00', 0),
(51, 51, 'D124880F3BE6', '2026-03-15 23:00:00', 0),
(52, 52, '68A5805DE4F0', '2026-03-15 23:00:00', 0),
(53, 53, '3F276143836C', '2026-03-15 23:00:00', 0),
(54, 54, 'C7134F557F47', '2026-03-15 23:00:00', 0),
(55, 55, '55844CEF8F8D', '2026-03-15 23:00:00', 0),
(56, 56, 'EF09A6EE97EF', '2026-03-15 23:00:00', 0),
(57, 57, '57CE97F44356', '2026-03-15 23:00:00', 0),
(58, 58, '72E8783FA441', '2026-03-15 23:00:00', 0),
(59, 59, '3FF237AF4412', '2026-03-15 23:00:00', 0),
(60, 60, '1A278AF94F92', '2026-03-15 23:00:00', 0),
(61, 61, '821B922D4BE5', '2026-03-15 23:00:00', 0),
(62, 62, '586E7208C925', '2026-03-15 23:00:00', 0),
(63, 63, 'AA42B1FA935D', '2026-03-15 23:00:00', 0),
(64, 64, '8507E3D7AF35', '2026-03-15 23:00:00', 0),
(65, 65, '54DE9225B192', '2026-03-15 23:00:00', 0),
(66, 66, '798A12BB2F56', '2026-03-15 23:00:00', 0),
(67, 67, '535AF45E80BA', '2026-03-15 23:00:00', 0),
(68, 68, 'D65C6AB293BD', '2026-03-15 23:00:00', 0),
(69, 69, '18DA8C359999', '2026-03-15 23:00:00', 0),
(70, 70, 'B0A3550A7C9C', '2026-03-15 23:00:00', 0),
(71, 71, 'B09531A68D81', '2026-03-15 23:00:00', 0),
(72, 72, 'E2BF934E252A', '2026-03-15 23:00:00', 0),
(73, 73, 'B4C3BB65D50C', '2026-03-15 23:00:00', 0),
(74, 74, '09D123AB9F94', '2026-03-15 23:00:00', 0),
(75, 75, '350493E4D8EC', '2026-03-15 23:00:00', 0),
(76, 76, '525096FAC139', '2026-03-15 23:00:00', 0),
(77, 77, '360697AFD433', '2026-03-15 23:00:00', 0),
(78, 78, '9CBE0E7F8362', '2026-03-15 23:00:00', 0),
(79, 79, 'F646A645F7C4', '2026-03-15 23:00:00', 0),
(80, 80, '5992855BF03A', '2026-03-15 23:00:00', 0),
(81, 81, '8C8682F5D716', '2026-03-15 23:00:00', 0),
(82, 82, '81FE7D100B71', '2026-03-15 23:00:00', 0),
(83, 83, 'B7F0D4096F40', '2026-03-15 23:00:00', 0),
(84, 84, 'C65773C0F847', '2026-03-15 23:00:00', 0),
(85, 85, '0AC937910F84', '2026-03-15 23:00:00', 0),
(86, 86, '27B24CE7A100', '2026-03-15 23:00:00', 0),
(87, 87, 'C237721C954A', '2026-03-15 23:00:00', 0),
(88, 88, '89CC6C51892F', '2026-03-15 23:00:00', 0),
(89, 89, 'E556B9CE0EA0', '2026-03-15 23:00:00', 0),
(90, 90, '201D4CC4FBCA', '2026-03-15 23:00:00', 0),
(91, 91, '965D07115DAD', '2026-03-15 23:00:00', 0),
(92, 92, '6C9D9B23ED81', '2026-03-15 23:00:00', 0),
(93, 93, '1382C2770D4D', '2026-03-15 23:00:00', 0),
(94, 94, '965F1DD130B6', '2026-03-15 23:00:00', 0),
(95, 95, '4EA33AE2D163', '2026-03-15 23:00:00', 0),
(96, 96, '11CF2922DD5F', '2026-03-15 23:00:00', 0),
(97, 97, '1D3D3276A256', '2026-03-15 23:00:00', 0),
(98, 98, 'BEC1DADF61BA', '2026-03-15 23:00:00', 0),
(99, 99, '2A96990F4873', '2026-03-15 23:00:00', 0),
(100, 100, 'B6EF7A0261E6', '2026-03-15 23:00:00', 0),
(101, 101, 'A6ABCB40A287', '2026-03-15 23:00:00', 0),
(102, 102, '637FD614F376', '2026-03-15 23:00:00', 0),
(103, 103, 'D029D67E17D5', '2026-03-15 23:00:00', 0),
(104, 104, 'E16E5F208311', '2026-03-15 23:00:00', 0),
(105, 105, 'C61BC8F6A307', '2026-03-15 23:00:00', 0),
(106, 106, 'FCA46DB978D3', '2026-03-15 23:00:00', 0),
(107, 107, '0A1B8277CB13', '2026-03-15 23:00:00', 0),
(108, 108, '22B8DE3EBF50', '2026-03-15 23:00:00', 0),
(109, 109, 'FBFFB46D4AEE', '2026-03-15 23:00:00', 0),
(110, 110, 'DA9E58C388A3', '2026-03-15 23:00:00', 0),
(111, 111, 'C5212B3774D4', '2026-03-15 23:00:00', 0),
(112, 112, '842405179E34', '2026-03-15 23:00:00', 0),
(113, 113, 'B685C063594F', '2026-03-15 23:00:00', 0),
(114, 114, 'D8EF68E693F9', '2026-03-15 23:00:00', 0),
(115, 115, '6C8FD2C92F47', '2026-03-15 23:00:00', 0),
(116, 116, 'F71400439AE0', '2026-03-15 23:00:00', 0),
(117, 117, '0167C8A6DE80', '2026-03-15 23:00:00', 0),
(118, 118, '7BFAFE8E4989', '2026-03-15 23:00:00', 0),
(119, 119, '496D0995A032', '2026-03-15 23:00:00', 0),
(120, 120, '87C62156871F', '2026-03-15 23:00:00', 0),
(121, 121, '2C5AE507EB33', '2026-03-15 23:00:00', 0),
(122, 122, '9353262E4453', '2026-03-15 23:00:00', 0),
(123, 123, '7A8E42954E46', '2026-03-15 23:00:00', 0),
(124, 124, '5B65B3F1876E', '2026-03-15 23:00:00', 0),
(125, 125, 'CA7A928CD3F6', '2026-03-15 23:00:00', 0),
(126, 126, '52E1847A789A', '2026-03-15 23:00:00', 0),
(127, 127, 'F6C600362B01', '2026-03-15 23:00:00', 0),
(128, 128, '67E36D41359E', '2026-03-15 23:00:00', 0),
(129, 129, '0F4E3CF498C1', '2026-03-15 23:00:00', 0),
(130, 130, 'C888E763658F', '2026-03-15 23:00:00', 0),
(131, 131, 'AF252C8E8559', '2026-03-15 23:00:00', 0),
(132, 132, 'B2192134D4AD', '2026-03-15 23:00:00', 0),
(133, 133, '478BC80D7F16', '2026-03-15 23:00:00', 0),
(134, 134, 'CB87DC21A386', '2026-03-15 23:00:00', 0),
(135, 135, '47265B03B247', '2026-03-15 23:00:00', 0),
(136, 136, '85C4FBF512DF', '2026-03-15 23:00:00', 0),
(137, 137, '2C5BF5168420', '2026-03-15 23:00:00', 0),
(138, 138, '4BC5108A080B', '2026-03-15 23:00:00', 0),
(139, 139, '585471214D5B', '2026-03-15 23:00:00', 0),
(140, 140, '12276D3DACCB', '2026-03-15 23:00:00', 0),
(141, 141, '54C8B61EAC0D', '2026-03-15 23:00:00', 0),
(142, 142, '7E9F384F09CF', '2026-03-15 23:00:00', 0),
(143, 143, 'F0601FBE3F18', '2026-03-15 23:00:00', 0),
(144, 144, 'B280C61007FD', '2026-03-15 23:00:00', 0),
(145, 145, '5BD9F637A9B7', '2026-03-15 23:00:00', 0),
(146, 146, '88FC67CAFCBE', '2026-03-15 23:00:00', 0),
(147, 147, '7055E9DED7A0', '2026-03-15 23:00:00', 0),
(148, 148, '5237E48AFFFA', '2026-03-15 23:00:00', 0),
(149, 149, 'A736F2389377', '2026-03-15 23:00:00', 0),
(150, 150, 'A1A4742BFE7F', '2026-03-15 23:00:00', 0),
(151, 151, '6C1C28083475', '2026-03-15 23:00:00', 0),
(152, 152, '1B8AA72A50F6', '2026-03-15 23:00:00', 0),
(153, 153, 'F1BADA5030B9', '2026-03-15 23:00:00', 0),
(154, 154, '65936EA75411', '2026-03-15 23:00:00', 0),
(155, 155, 'ABB21011B365', '2026-03-15 23:00:00', 0),
(156, 156, 'F340C8863AF8', '2026-03-15 23:00:00', 0),
(157, 157, 'F227BF57DB73', '2026-03-15 23:00:00', 0),
(158, 158, '40FDD62D706F', '2026-03-15 23:00:00', 0),
(159, 159, '46A7821A715B', '2026-03-15 23:00:00', 0),
(160, 160, '8F0F6ABF621E', '2026-03-15 23:00:00', 0),
(161, 161, 'AAAC8C77165C', '2026-03-15 23:00:00', 0),
(162, 162, 'E2E249C74304', '2026-03-15 23:00:00', 0),
(163, 163, '43DB20652B3E', '2026-03-15 23:00:00', 0),
(164, 164, 'FDC7819D977A', '2026-03-15 23:00:00', 0),
(165, 165, '6B27A94D05ED', '2026-03-15 23:00:00', 0),
(166, 166, '504C05B72237', '2026-03-15 23:00:00', 0),
(167, 167, '3CA86294300D', '2026-03-15 23:00:00', 0),
(168, 168, 'F8BDFC378659', '2026-03-15 23:00:00', 0),
(169, 169, '2C7B8E375243', '2026-03-15 23:00:00', 0),
(170, 170, 'A390975CF0BE', '2026-03-15 23:00:00', 0),
(171, 171, 'F409F620CECD', '2026-03-15 23:00:00', 0),
(172, 172, '93927DE07393', '2026-03-15 23:00:00', 0),
(173, 173, '784B4F8D4757', '2026-03-15 23:00:00', 0),
(174, 174, 'E6A424722A1F', '2026-03-15 23:00:00', 0),
(175, 175, '34A91512470A', '2026-03-15 23:00:00', 0),
(176, 176, '9A22D97D2086', '2026-03-15 23:00:00', 0),
(177, 177, 'CDD7606BECAB', '2026-03-15 23:00:00', 0),
(178, 178, '94BE4CCEEE9E', '2026-03-15 23:00:00', 0),
(179, 179, 'C6A42982BEFF', '2026-03-15 23:00:00', 0),
(180, 180, 'C3B9889AA536', '2026-03-15 23:00:00', 0),
(181, 181, '2B8CAD3B99A1', '2026-03-15 23:00:00', 0),
(182, 182, '01BF4DE511E7', '2026-03-15 23:00:00', 0),
(183, 183, '4BA6EE286385', '2026-03-15 23:00:00', 0),
(184, 184, '65186793C3C6', '2026-03-15 23:00:00', 0),
(185, 185, '661E8D93C6A4', '2026-03-15 23:00:00', 0);

-- --------------------------------------------------------

--
-- Tábla szerkezet ehhez a táblához `userroles`
--

DROP TABLE IF EXISTS `userroles`;
CREATE TABLE `userroles` (
  `role_id` int(11) NOT NULL,
  `role_name` varchar(50) NOT NULL,
  `description` text DEFAULT NULL
) ENGINE=InnoDB DEFAULT CHARSET=utf8mb4 COLLATE=utf8mb4_general_ci;

--
-- A tábla adatainak kiíratása `userroles`
--

INSERT INTO `userroles` (`role_id`, `role_name`, `description`) VALUES
(1, 'Admin', 'Rendszergazda'),
(2, 'Customer', 'Vásárló');

-- --------------------------------------------------------

--
-- Tábla szerkezet ehhez a táblához `users`
--

DROP TABLE IF EXISTS `users`;
CREATE TABLE `users` (
  `user_id` int(11) NOT NULL,
  `role_id` int(11) NOT NULL,
  `name` varchar(255) NOT NULL,
  `email` varchar(255) NOT NULL,
  `phone` varchar(20) DEFAULT NULL,
  `password_hash` varchar(255) NOT NULL,
  `created_at` timestamp NOT NULL DEFAULT current_timestamp()
) ENGINE=InnoDB DEFAULT CHARSET=utf8mb4 COLLATE=utf8mb4_general_ci;

--
-- A tábla adatainak kiíratása `users`
--

INSERT INTO `users` (`user_id`, `role_id`, `name`, `email`, `phone`, `password_hash`, `created_at`) VALUES
(164, 1, 'Admin', 'admin@mozizz.hu', '06701111111', '$2a$11$6JD0xed97hEDlQVt52NhRewY/yAiWh7v7WdMFEwSeBENIXI.Uy5Sm', '2026-03-16 10:04:42'),
(165, 2, 'Kovács Péter', 'kovacs.peter@gmail.com', '06701112233', '$2a$11$ieiZY7dfsDaIxEOw471TYOvMRSj1sU7k0YPDLyRkgiAKwZ.lS7p4m', '2026-03-16 10:04:42'),
(166, 2, 'Nagy Eszter', 'nagy.eszter@gmail.com', '06702223344', '$2a$11$VLrE98xEJ3OUotLUMUoD6OI.Mmpt55l5yVc.azTqrPegHbYIFCGNi', '2026-03-16 10:04:42'),
(167, 2, 'Horváth Gábor', 'horvath.gabor@freemail.hu', '06703334455', '$2a$11$6JD0xed97hEDlQVt52NhRewY/yAiWh7v7WdMFEwSeBENIXI.Uy5Sm', '2026-03-16 10:04:42'),
(168, 2, 'Szabó Anna', 'szabo.anna@gmail.com', '06704445566', '$2a$11$ieiZY7dfsDaIxEOw471TYOvMRSj1sU7k0YPDLyRkgiAKwZ.lS7p4m', '2026-03-16 10:04:42'),
(169, 2, 'Tóth Bence', 'toth.bence@outlook.com', '06705556677', '$2a$11$VLrE98xEJ3OUotLUMUoD6OI.Mmpt55l5yVc.azTqrPegHbYIFCGNi', '2026-03-16 10:04:42'),
(170, 2, 'Fekete Réka', 'fekete.reka@gmail.com', '06706667788', '$2a$11$6JD0xed97hEDlQVt52NhRewY/yAiWh7v7WdMFEwSeBENIXI.Uy5Sm', '2026-03-16 10:04:42'),
(171, 2, 'Molnár Dávid', 'molnar.david@citromail.hu', '06707778899', '$2a$11$ieiZY7dfsDaIxEOw471TYOvMRSj1sU7k0YPDLyRkgiAKwZ.lS7p4m', '2026-03-16 10:04:42'),
(172, 2, 'Varga Nikolett', 'varga.nikolett@gmail.com', '06708889900', '$2a$11$VLrE98xEJ3OUotLUMUoD6OI.Mmpt55l5yVc.azTqrPegHbYIFCGNi', '2026-03-16 10:04:42'),
(173, 2, 'Kiss Attila', 'kiss.attila@freemail.hu', '06709990011', '$2a$11$6JD0xed97hEDlQVt52NhRewY/yAiWh7v7WdMFEwSeBENIXI.Uy5Sm', '2026-03-16 10:04:42'),
(174, 2, 'Takács Vivien', 'takacs.vivien@gmail.com', '06701010101', '$2a$11$ieiZY7dfsDaIxEOw471TYOvMRSj1sU7k0YPDLyRkgiAKwZ.lS7p4m', '2026-03-16 10:04:42'),
(175, 2, 'Balogh Márton', 'balogh.marton@gmail.com', '06702020202', '$2a$11$VLrE98xEJ3OUotLUMUoD6OI.Mmpt55l5yVc.azTqrPegHbYIFCGNi', '2026-03-16 10:04:42'),
(176, 2, 'Simon Zsófia', 'simon.zsofia@outlook.com', '06703030303', '$2a$11$6JD0xed97hEDlQVt52NhRewY/yAiWh7v7WdMFEwSeBENIXI.Uy5Sm', '2026-03-16 10:04:42'),
(177, 2, 'Papp Roland', 'papp.roland@gmail.com', '06704040404', '$2a$11$ieiZY7dfsDaIxEOw471TYOvMRSj1sU7k0YPDLyRkgiAKwZ.lS7p4m', '2026-03-16 10:04:42'),
(178, 2, 'Oláh Kristóf', 'olah.kristof@gmail.com', '06705050505', '$2a$11$VLrE98xEJ3OUotLUMUoD6OI.Mmpt55l5yVc.azTqrPegHbYIFCGNi', '2026-03-16 10:04:42'),
(179, 2, 'Farkas Lilla', 'farkas.lilla@freemail.hu', '06706060606', '$2a$11$6JD0xed97hEDlQVt52NhRewY/yAiWh7v7WdMFEwSeBENIXI.Uy5Sm', '2026-03-16 10:04:42'),
(180, 2, 'Lukács Tamás', 'lukacs.tamas@gmail.com', '06707070707', '$2a$11$ieiZY7dfsDaIxEOw471TYOvMRSj1sU7k0YPDLyRkgiAKwZ.lS7p4m', '2026-03-16 10:04:42'),
(181, 2, 'Gál Orsolya', 'gal.orsolya@gmail.com', '06708080808', '$2a$11$VLrE98xEJ3OUotLUMUoD6OI.Mmpt55l5yVc.azTqrPegHbYIFCGNi', '2026-03-16 10:04:42'),
(182, 2, 'Mészáros Ádám', 'meszaros.adam@outlook.com', '06709090909', '$2a$11$6JD0xed97hEDlQVt52NhRewY/yAiWh7v7WdMFEwSeBENIXI.Uy5Sm', '2026-03-16 10:04:42'),
(183, 2, 'Erdős Fanni', 'erdos.fanni@gmail.com', '06701122334', '$2a$11$ieiZY7dfsDaIxEOw471TYOvMRSj1sU7k0YPDLyRkgiAKwZ.lS7p4m', '2026-03-16 10:04:42'),
(184, 2, 'Somogyi Balázs', 'somogyi.balazs@gmail.com', '06702233445', '$2a$11$VLrE98xEJ3OUotLUMUoD6OI.Mmpt55l5yVc.azTqrPegHbYIFCGNi', '2026-03-16 10:04:42'),
(185, 2, 'Vincze Petra', 'vincze.petra@freemail.hu', '06703344556', '$2a$11$6JD0xed97hEDlQVt52NhRewY/yAiWh7v7WdMFEwSeBENIXI.Uy5Sm', '2026-03-16 10:04:42'),
(186, 2, 'Nyíri Benedek', 'nyiri.benedek@gmail.com', '06704455667', '$2a$11$ieiZY7dfsDaIxEOw471TYOvMRSj1sU7k0YPDLyRkgiAKwZ.lS7p4m', '2026-03-16 10:04:42'),
(187, 2, 'Halász Judit', 'halasz.judit@gmail.com', '06705566778', '$2a$11$VLrE98xEJ3OUotLUMUoD6OI.Mmpt55l5yVc.azTqrPegHbYIFCGNi', '2026-03-16 10:04:42'),
(188, 2, 'Szűcs Norbert', 'szucs.norbert@outlook.com', '06706677889', '$2a$11$6JD0xed97hEDlQVt52NhRewY/yAiWh7v7WdMFEwSeBENIXI.Uy5Sm', '2026-03-16 10:04:42'),
(189, 2, 'Csizmadia Hanna', 'csizmadia.hanna@gmail.com', '06707788990', '$2a$11$ieiZY7dfsDaIxEOw471TYOvMRSj1sU7k0YPDLyRkgiAKwZ.lS7p4m', '2026-03-16 10:04:42'),
(190, 2, 'Király Máté', 'kiraly.mate@gmail.com', '06708899001', '$2a$11$VLrE98xEJ3OUotLUMUoD6OI.Mmpt55l5yVc.azTqrPegHbYIFCGNi', '2026-03-16 10:04:42'),
(191, 2, 'Barta Enikő', 'barta.eniko@freemail.hu', '06709900112', '$2a$11$6JD0xed97hEDlQVt52NhRewY/yAiWh7v7WdMFEwSeBENIXI.Uy5Sm', '2026-03-16 10:04:42'),
(192, 2, 'Dombi Richárd', 'dombi.richard@gmail.com', '06701213141', '$2a$11$ieiZY7dfsDaIxEOw471TYOvMRSj1sU7k0YPDLyRkgiAKwZ.lS7p4m', '2026-03-16 10:04:42'),
(193, 2, 'Fehér Dorottya', 'feher.dorottya@gmail.com', '06702324252', '$2a$11$VLrE98xEJ3OUotLUMUoD6OI.Mmpt55l5yVc.azTqrPegHbYIFCGNi', '2026-03-16 10:04:42'),
(194, 2, 'Juhász Viktor', 'juhasz.viktor@outlook.com', '06703435363', '$2a$11$6JD0xed97hEDlQVt52NhRewY/yAiWh7v7WdMFEwSeBENIXI.Uy5Sm', '2026-03-16 10:04:42'),
(195, 2, 'Bogdán Sarolta', 'bogdan.sarolta@gmail.com', '06704546474', '$2a$11$ieiZY7dfsDaIxEOw471TYOvMRSj1sU7k0YPDLyRkgiAKwZ.lS7p4m', '2026-03-16 10:04:42'),
(196, 2, 'Hegedűs Levente', 'hegedus.levente@gmail.com', '06705657585', '$2a$11$VLrE98xEJ3OUotLUMUoD6OI.Mmpt55l5yVc.azTqrPegHbYIFCGNi', '2026-03-16 10:04:42'),
(197, 2, 'Szekeres Aliz', 'szekeres.aliz@freemail.hu', '06706768696', '$2a$11$6JD0xed97hEDlQVt52NhRewY/yAiWh7v7WdMFEwSeBENIXI.Uy5Sm', '2026-03-16 10:04:42'),
(198, 2, 'Bihari Csaba', 'bihari.csaba@gmail.com', '06707879707', '$2a$11$ieiZY7dfsDaIxEOw471TYOvMRSj1sU7k0YPDLyRkgiAKwZ.lS7p4m', '2026-03-16 10:04:42'),
(199, 2, 'Vásárhelyi Nóra', 'vasarhelyi.nora@gmail.com', '06708980818', '$2a$11$VLrE98xEJ3OUotLUMUoD6OI.Mmpt55l5yVc.azTqrPegHbYIFCGNi', '2026-03-16 10:04:42'),
(200, 2, 'Rácz Zoltán', 'racz.zoltan@outlook.com', '06709191929', '$2a$11$6JD0xed97hEDlQVt52NhRewY/yAiWh7v7WdMFEwSeBENIXI.Uy5Sm', '2026-03-16 10:04:42'),
(201, 2, 'Antal Brigitta', 'antal.brigitta@gmail.com', '06701314151', '$2a$11$ieiZY7dfsDaIxEOw471TYOvMRSj1sU7k0YPDLyRkgiAKwZ.lS7p4m', '2026-03-16 10:04:42'),
(202, 2, 'Kovács Zsuzsanna', 'kovacs.zsuzsanna@gmail.com', '06702425262', '$2a$11$VLrE98xEJ3OUotLUMUoD6OI.Mmpt55l5yVc.azTqrPegHbYIFCGNi', '2026-03-16 10:04:42'),
(203, 2, 'Németh Barnabás', 'nemeth.barnabas@freemail.hu', '06703536373', '$2a$11$6JD0xed97hEDlQVt52NhRewY/yAiWh7v7WdMFEwSeBENIXI.Uy5Sm', '2026-03-16 10:04:42'),
(204, 2, 'Szőke Kamilla', 'szoke.kamilla@gmail.com', '06704647484', '$2a$11$ieiZY7dfsDaIxEOw471TYOvMRSj1sU7k0YPDLyRkgiAKwZ.lS7p4m', '2026-03-16 10:04:42'),
(205, 2, 'Palotai Gergő', 'palotai.gergo@gmail.com', '06705758595', '$2a$11$VLrE98xEJ3OUotLUMUoD6OI.Mmpt55l5yVc.azTqrPegHbYIFCGNi', '2026-03-16 10:04:42'),
(206, 2, 'Benkő Tímea', 'benko.timea@outlook.com', '06706869606', '$2a$11$6JD0xed97hEDlQVt52NhRewY/yAiWh7v7WdMFEwSeBENIXI.Uy5Sm', '2026-03-16 10:04:42'),
(207, 2, 'Csordás Milán', 'csordas.milan@gmail.com', '06707970717', '$2a$11$ieiZY7dfsDaIxEOw471TYOvMRSj1sU7k0YPDLyRkgiAKwZ.lS7p4m', '2026-03-16 10:04:42'),
(208, 2, 'Fodor Lujza', 'fodor.lujza@gmail.com', '06708081828', '$2a$11$VLrE98xEJ3OUotLUMUoD6OI.Mmpt55l5yVc.azTqrPegHbYIFCGNi', '2026-03-16 10:04:42'),
(209, 2, 'Gergely Hunor', 'gergely.hunor@freemail.hu', '06709192939', '$2a$11$6JD0xed97hEDlQVt52NhRewY/yAiWh7v7WdMFEwSeBENIXI.Uy5Sm', '2026-03-16 10:04:42'),
(210, 2, 'Tari Borbála', 'tari.borbala@gmail.com', '06701415161', '$2a$11$ieiZY7dfsDaIxEOw471TYOvMRSj1sU7k0YPDLyRkgiAKwZ.lS7p4m', '2026-03-16 10:04:42'),
(211, 2, 'Huszár Kornél', 'huszar.kornel@gmail.com', '06702526272', '$2a$11$VLrE98xEJ3OUotLUMUoD6OI.Mmpt55l5yVc.azTqrPegHbYIFCGNi', '2026-03-16 10:04:42'),
(212, 2, 'Bencsik Emőke', 'bencsik.emoke@outlook.com', '06703637383', '$2a$11$6JD0xed97hEDlQVt52NhRewY/yAiWh7v7WdMFEwSeBENIXI.Uy5Sm', '2026-03-16 10:04:42'),
(213, 2, 'Zombori Ákos', 'zombori.akos@gmail.com', '06704748494', '$2a$11$ieiZY7dfsDaIxEOw471TYOvMRSj1sU7k0YPDLyRkgiAKwZ.lS7p4m', '2026-03-16 10:04:42'),
(214, 2, 'Boros Adrienn', 'boros.adrienn@gmail.com', '06705859505', '$2a$11$VLrE98xEJ3OUotLUMUoD6OI.Mmpt55l5yVc.azTqrPegHbYIFCGNi', '2026-03-16 10:04:42'),
(215, 2, 'Marton Szabolcs', 'marton.szabolcs@freemail.hu', '06706960616', '$2a$11$6JD0xed97hEDlQVt52NhRewY/yAiWh7v7WdMFEwSeBENIXI.Uy5Sm', '2026-03-16 10:04:42'),
(216, 1, 'Roli', 'tothr@kkszki.hu', '36701231234', '$2a$11$NHU6t5mPHNaGKurXqjx7M.wfkDe.lmYxA7tmsEb63zJ.GNkX513Iy', '2026-03-16 10:10:48');

-- --------------------------------------------------------

--
-- Tábla szerkezet ehhez a táblához `user_verifications`
--

DROP TABLE IF EXISTS `user_verifications`;
CREATE TABLE `user_verifications` (
  `id` int(11) NOT NULL,
  `email` varchar(255) NOT NULL,
  `code` varchar(6) NOT NULL,
  `expires_at` datetime NOT NULL
) ENGINE=InnoDB DEFAULT CHARSET=utf8mb4 COLLATE=utf8mb4_general_ci;

--
-- Indexek a kiírt táblákhoz
--

--
-- A tábla indexei `buffet_items`
--
ALTER TABLE `buffet_items`
  ADD PRIMARY KEY (`item_id`);

--
-- A tábla indexei `emaillogs`
--
ALTER TABLE `emaillogs`
  ADD PRIMARY KEY (`email_log_id`),
  ADD KEY `user_id` (`user_id`);

--
-- A tábla indexei `halls`
--
ALTER TABLE `halls`
  ADD PRIMARY KEY (`hall_id`);

--
-- A tábla indexei `movies`
--
ALTER TABLE `movies`
  ADD PRIMARY KEY (`movie_id`);

--
-- A tábla indexei `payments`
--
ALTER TABLE `payments`
  ADD PRIMARY KEY (`payment_id`),
  ADD KEY `reservation_id` (`reservation_id`);

--
-- A tábla indexei `reservations`
--
ALTER TABLE `reservations`
  ADD PRIMARY KEY (`reservation_id`),
  ADD KEY `user_id` (`user_id`),
  ADD KEY `showtime_id` (`showtime_id`);

--
-- A tábla indexei `reservedseats`
--
ALTER TABLE `reservedseats`
  ADD PRIMARY KEY (`reserved_seat_id`),
  ADD UNIQUE KEY `reservation_id` (`reservation_id`,`seat_id`),
  ADD KEY `seat_id` (`seat_id`);

--
-- A tábla indexei `seats`
--
ALTER TABLE `seats`
  ADD PRIMARY KEY (`seat_id`),
  ADD UNIQUE KEY `hall_id` (`hall_id`,`seat_number`);

--
-- A tábla indexei `showtimes`
--
ALTER TABLE `showtimes`
  ADD PRIMARY KEY (`showtime_id`),
  ADD UNIQUE KEY `movie_id` (`movie_id`,`hall_id`,`show_date`,`show_time`),
  ADD KEY `hall_id` (`hall_id`);

--
-- A tábla indexei `tickets`
--
ALTER TABLE `tickets`
  ADD PRIMARY KEY (`ticket_id`),
  ADD UNIQUE KEY `ticket_code` (`ticket_code`),
  ADD KEY `reservation_id` (`reservation_id`);

--
-- A tábla indexei `userroles`
--
ALTER TABLE `userroles`
  ADD PRIMARY KEY (`role_id`),
  ADD UNIQUE KEY `role_name` (`role_name`);

--
-- A tábla indexei `users`
--
ALTER TABLE `users`
  ADD PRIMARY KEY (`user_id`),
  ADD UNIQUE KEY `email` (`email`),
  ADD KEY `role_id` (`role_id`);

--
-- A tábla indexei `user_verifications`
--
ALTER TABLE `user_verifications`
  ADD PRIMARY KEY (`id`);

--
-- A kiírt táblák AUTO_INCREMENT értéke
--

--
-- AUTO_INCREMENT a táblához `buffet_items`
--
ALTER TABLE `buffet_items`
  MODIFY `item_id` int(11) NOT NULL AUTO_INCREMENT, AUTO_INCREMENT=217;

--
-- AUTO_INCREMENT a táblához `emaillogs`
--
ALTER TABLE `emaillogs`
  MODIFY `email_log_id` int(11) NOT NULL AUTO_INCREMENT, AUTO_INCREMENT=29;

--
-- AUTO_INCREMENT a táblához `halls`
--
ALTER TABLE `halls`
  MODIFY `hall_id` int(11) NOT NULL AUTO_INCREMENT, AUTO_INCREMENT=3;

--
-- AUTO_INCREMENT a táblához `movies`
--
ALTER TABLE `movies`
  MODIFY `movie_id` int(11) NOT NULL AUTO_INCREMENT, AUTO_INCREMENT=309;

--
-- AUTO_INCREMENT a táblához `payments`
--
ALTER TABLE `payments`
  MODIFY `payment_id` int(11) NOT NULL AUTO_INCREMENT;

--
-- AUTO_INCREMENT a táblához `reservations`
--
ALTER TABLE `reservations`
  MODIFY `reservation_id` int(11) NOT NULL AUTO_INCREMENT, AUTO_INCREMENT=186;

--
-- AUTO_INCREMENT a táblához `reservedseats`
--
ALTER TABLE `reservedseats`
  MODIFY `reserved_seat_id` int(11) NOT NULL AUTO_INCREMENT, AUTO_INCREMENT=288;

--
-- AUTO_INCREMENT a táblához `seats`
--
ALTER TABLE `seats`
  MODIFY `seat_id` int(11) NOT NULL AUTO_INCREMENT, AUTO_INCREMENT=387;

--
-- AUTO_INCREMENT a táblához `showtimes`
--
ALTER TABLE `showtimes`
  MODIFY `showtime_id` int(11) NOT NULL AUTO_INCREMENT, AUTO_INCREMENT=11111;

--
-- AUTO_INCREMENT a táblához `tickets`
--
ALTER TABLE `tickets`
  MODIFY `ticket_id` int(11) NOT NULL AUTO_INCREMENT, AUTO_INCREMENT=186;

--
-- AUTO_INCREMENT a táblához `userroles`
--
ALTER TABLE `userroles`
  MODIFY `role_id` int(11) NOT NULL AUTO_INCREMENT, AUTO_INCREMENT=3;

--
-- AUTO_INCREMENT a táblához `users`
--
ALTER TABLE `users`
  MODIFY `user_id` int(11) NOT NULL AUTO_INCREMENT, AUTO_INCREMENT=217;

--
-- AUTO_INCREMENT a táblához `user_verifications`
--
ALTER TABLE `user_verifications`
  MODIFY `id` int(11) NOT NULL AUTO_INCREMENT, AUTO_INCREMENT=13;

--
-- Megkötések a kiírt táblákhoz
--

--
-- Megkötések a táblához `emaillogs`
--
ALTER TABLE `emaillogs`
  ADD CONSTRAINT `emaillogs_ibfk_1` FOREIGN KEY (`user_id`) REFERENCES `users` (`user_id`);

--
-- Megkötések a táblához `payments`
--
ALTER TABLE `payments`
  ADD CONSTRAINT `payments_ibfk_1` FOREIGN KEY (`reservation_id`) REFERENCES `reservations` (`reservation_id`) ON DELETE CASCADE;

--
-- Megkötések a táblához `reservations`
--
ALTER TABLE `reservations`
  ADD CONSTRAINT `reservations_ibfk_1` FOREIGN KEY (`user_id`) REFERENCES `users` (`user_id`),
  ADD CONSTRAINT `reservations_ibfk_2` FOREIGN KEY (`showtime_id`) REFERENCES `showtimes` (`showtime_id`);

--
-- Megkötések a táblához `reservedseats`
--
ALTER TABLE `reservedseats`
  ADD CONSTRAINT `reservedseats_ibfk_1` FOREIGN KEY (`reservation_id`) REFERENCES `reservations` (`reservation_id`) ON DELETE CASCADE,
  ADD CONSTRAINT `reservedseats_ibfk_2` FOREIGN KEY (`seat_id`) REFERENCES `seats` (`seat_id`);

--
-- Megkötések a táblához `seats`
--
ALTER TABLE `seats`
  ADD CONSTRAINT `seats_ibfk_1` FOREIGN KEY (`hall_id`) REFERENCES `halls` (`hall_id`);

--
-- Megkötések a táblához `showtimes`
--
ALTER TABLE `showtimes`
  ADD CONSTRAINT `showtimes_ibfk_1` FOREIGN KEY (`movie_id`) REFERENCES `movies` (`movie_id`),
  ADD CONSTRAINT `showtimes_ibfk_2` FOREIGN KEY (`hall_id`) REFERENCES `halls` (`hall_id`);

--
-- Megkötések a táblához `tickets`
--
ALTER TABLE `tickets`
  ADD CONSTRAINT `tickets_ibfk_1` FOREIGN KEY (`reservation_id`) REFERENCES `reservations` (`reservation_id`);

--
-- Megkötések a táblához `users`
--
ALTER TABLE `users`
  ADD CONSTRAINT `users_ibfk_1` FOREIGN KEY (`role_id`) REFERENCES `userroles` (`role_id`);
COMMIT;

/*!40101 SET CHARACTER_SET_CLIENT=@OLD_CHARACTER_SET_CLIENT */;
/*!40101 SET CHARACTER_SET_RESULTS=@OLD_CHARACTER_SET_RESULTS */;
/*!40101 SET COLLATION_CONNECTION=@OLD_COLLATION_CONNECTION */;
